#,Player Name,Pos.,GP,G,A,Pts,PIM,"""+/-""",GP,G,A,Pts,PIM,Birthplace,Age
1,Jake O'Brien,C,53,28,65,93,28,34,15,6,17,23,4,ONT: Toronto,18
2,Caleb Malhotra,C,67,29,55,84,51,33,15,13,13,26,4,BC: Victoria,17
3,Marek Vanacker,L,60,47,35,82,33,39,15,8,10,18,12,ONT: London,19
4,Adam Benak,C,48,28,49,77,29,22,15,3,8,11,2,Czech Rep.: Plzen,18
5,Cooper Dennis,F,68,34,40,74,14,48,15,5,2,7,2,NY: Ithaca,18
6,Adam Jiricek,D,55,19,40,59,33,31,15,7,15,22,6,Czech Rep.: Klatovy,19
7,Vladimir Dravecky,D,58,9,19,28,24,24,11,0,3,3,2,NH: Manchester,17
8,Edison Engle,D,61,3,25,28,8,26,15,1,4,5,0,IL: Arlington Heights,18
9,Charlie Paquette 1,R,29,12,15,27,28,7,15,3,8,11,2,ONT: Essex,19
10,Luca Testa,C,50,15,11,26,22,11,15,4,1,5,12,ONT: Grimsby,19
11,Jett Luchanko 1,C,27,5,21,26,24,10,15,2,5,7,10,ONT: London,19
12,Owen Protz,D,64,5,18,23,84,45,15,0,6,6,12,ONT: Ottawa,19
13,Sam McCue 2,L,25,10,7,17,24,13,--,--,--,--,--,ONT: Sudbury,19
14,Parker Holmes,F,49,6,11,17,37,7,11,1,0,1,13,ONT: South Mountain,18
15,Ben Danford 3,D,37,2,14,16,8,12,13,1,2,3,9,ONT: Belleville,19
16,Gabriel Frasca 4,C,31,6,9,15,23,9,15,3,2,5,10,ONT: Brampton,19
17,Zackary Sandhu 3,D,53,3,11,14,51,21,15,0,0,0,12,ONT: Toronto,19
18,Jeremy Freeman,L,57,3,11,14,13,-1,--,--,--,--,--,ONT: Oakville,16
19,Layne Gallacher 5,C,21,5,7,12,2,9,--,--,--,--,--,ONT: Brooklin,17
20,Nikolas Rossetto,R,49,6,3,9,4,-9,4,0,0,0,0,ONT: Sault Ste. Marie,17
21,Aiden O'Donnell 6,L,14,4,4,8,12,5,--,--,--,--,--,NS: Cole Harbour,17
22,Ryder Boulton,L,48,4,4,8,79,-2,15,1,1,2,11,NY: Huntington,19
23,Cameron Hankai,D,36,2,6,8,6,1,6,0,0,0,0,ONT: Simcoe,18
24,Philip Govedaris,L,26,1,7,8,0,5,4,1,0,1,0,ONT: Markham,17
25,Dylan Tsherna,R,36,4,3,7,24,3,9,0,2,2,11,ONT: Maple,18
26,Lucas Moore 6,D,14,2,3,5,11,12,--,--,--,--,--,ONT: Peterborough,20
27,Joshua Avery 7,C,3,1,1,2,0,0,--,--,--,--,--,ONT: Uxbridge,18
28,David Buchman,D,16,0,2,2,2,-1,--,--,--,--,--,ONT: Stittsville,16
29,Ryan Chamberlain,L,17,0,2,2,6,0,2,0,0,0,0,ONT: Peterborough,17
30,Tommy Karmiris,F,2,1,0,1,4,-1,--,--,--,--,--,ONT: Brantford,19
31,Patrick Babin 5,D,6,0,1,1,2,-2,--,--,--,--,--,ONT: Niagara Falls,17
32,Joseph Banas,R,12,0,1,1,0,-3,--,--,--,--,--,NY: Buffalo,17
33,Ryerson Leenders,G,39,0,1,1,6,0,14,0,0,0,2,ONT: Hamilton,19
34,Andrew Pacheco,C,1,0,0,0,0,-2,--,--,--,--,--,ONT: Toronto,16
35,Ben Radley 8,D,2,0,0,0,0,1,--,--,--,--,--,ONT: Iroquois,18
36,Kaden Wicklander,F,2,0,0,0,2,-1,--,--,--,--,--,ONT: Sudbury,17
37,Maksim Corovic,G,2,0,0,0,0,0,--,--,--,--,--,ONT: Stoney Creek,17
38,Josh Giordano,F,2,0,0,0,2,0,--,--,--,--,--,ONT: Vaughan,18
39,Heath Bogart,F,4,0,0,0,2,1,--,--,--,--,--,ONT: Grand Bend,17
40,Gavin Christie,D,9,0,0,0,8,-5,--,--,--,--,--,ONT: Beamsville,16
41,David Egorov,G,29,0,0,0,0,0,1,0,0,0,0,ONT: Ottawa,19
42,Jack Pridham,R,65,46,44,90,54,38,18,2,15,17,16,ONT: Stouffville,19
43,Christian Humphreys,C,63,27,58,85,33,22,18,9,13,22,6,PA: Pittsburgh,19
44,Cameron Reid,D,57,15,41,56,29,25,18,2,12,14,2,ONT: Aylmer,18
45,Dylan Edwards 1,C,35,24,24,48,9,14,18,14,11,25,8,ONT: Toronto,20
46,Tanner Lam,R,67,19,29,48,22,6,18,2,5,7,6,ONT: Brampton,18
47,Cameron Arquette,C,68,17,28,45,29,20,18,5,4,9,0,ONT: Wheatley,18
48,Sam O'Reilly 2,R,28,17,26,43,11,31,18,17,11,28,12,ONT: Toronto,19
49,Luca Romano,C,55,14,19,33,22,9,18,3,5,8,12,ONT: Toronto,18
50,Haeden Ellis,C,63,14,15,29,20,12,17,3,5,8,4,NY: Buffalo,18
51,Alexander Bilecki,D,66,9,20,29,43,16,18,2,9,11,8,ONT: Mississauga,17
52,Jakub Chromiak 3,D,38,6,18,24,14,23,--,--,--,--,--,Slovakia: Ilava,19
53,Avry Anstis,R,62,9,11,20,30,6,17,1,2,3,4,PA: Pittsburgh,17
54,Carson Campbell,D,51,2,16,18,38,14,18,4,8,12,8,ONT: Campbellford,19
55,Weston Cameron,L,44,6,10,16,44,-4,1,0,0,0,4,ONT: Toronto,17
56,Matthew Andonovski,D,24,1,13,14,43,22,18,3,5,8,25,ONT: Markham,20
57,Matthew Hlacar,F,51,6,6,12,91,8,15,1,0,1,13,ONT: Binbrook,19
58,Gabriel Chiarot 4,R,31,5,6,11,42,9,18,5,6,11,8,ONT: Hamilton,18
59,Jared Woolley 2,D,29,2,9,11,30,20,18,1,6,7,42,ONT: Oshawa,19
60,Andrew Vermeulen,L,47,5,5,10,16,-8,18,0,2,2,0,ONT: Selkirk,19
61,Andrew MacNiel,D,48,2,5,7,47,4,10,2,0,2,4,ONT: Cobourg,18
62,Jacob Xu 5,D,31,1,6,7,19,6,--,--,--,--,--,ONT: Richmond Hill,17
63,Jack LaBrash,L,40,4,2,6,20,-3,--,--,--,--,--,ONT: Brockville,18
64,Matheas Stark,L,28,2,4,6,0,-2,--,--,--,--,--,ONT: Toronto,18
65,Maxim Dirracolo,D,45,1,3,4,84,-3,8,0,0,0,15,ONT: Barrie,19
66,Luke Ellinas,L,6,3,0,3,4,-3,5,1,2,3,6,ONT: Etobicoke,19
67,Alex Forrest,D,9,0,3,3,2,-2,--,--,--,--,--,ONT: St. Catharines,16
68,Evan Headrick 6,R,32,0,3,3,10,2,--,--,--,--,--,ONT: Garden River,17
69,Kaden Schneider,D,18,2,0,2,20,1,--,--,--,--,--,ALTA: Calgary,18
70,Ian Robinson,F,5,1,0,1,0,-1,--,--,--,--,--,ONT: Newmarket,16
71,Evan Nicholson,L,8,0,1,1,0,-1,--,--,--,--,--,ONT: Georgina,16
72,Cole Crawford,F,1,0,0,0,0,-1,--,--,--,--,--,ONT: Barrie,16
73,Logan Massimi,D,1,0,0,0,0,3,--,--,--,--,--,ONT: Scarborough,16
74,Ryker Young,D,1,0,0,0,0,1,--,--,--,--,--,ONT: Barrie,17
75,Mason Hriczov,G,1,0,0,0,0,0,--,--,--,--,--,NJ: North Caldwell,16
76,Tommy Kut,D,3,0,0,0,0,-1,--,--,--,--,--,ONT: North York,16
77,Jason Schaubel,G,28,0,0,0,0,0,--,--,--,--,--,ONT: Barrie,17
78,Christian Kirsch,G,41,0,0,0,0,0,18,0,1,1,0,Switzerland: Basel,19
79,Cooper Foster,C,66,29,37,66,71,34,9,3,7,10,11,ONT: Sault Ste. Marie,20
80,Jasper Kuhta,C,62,32,31,63,6,25,9,2,5,7,0,Finland: Helsinki,18
81,Nic Whitehead,C,64,25,38,63,33,36,9,2,6,8,2,FL: Orlando,18
82,Kohyn Eshkawkogan,D,68,8,45,53,28,28,9,0,6,6,8,ONT: Manitoulin Island,16
83,Thomas Vandenberg,C,59,25,25,50,20,22,9,4,3,7,0,ONT: Nepean,16
84,Filip Ekberg,R,59,24,22,46,14,19,9,3,5,8,6,Sweden: Uppsala,18
85,Frankie Marrelli,D,66,13,30,43,82,48,9,3,6,9,6,ONT: Markham,19
86,Spencer Bowes,L,67,23,19,42,28,30,9,4,4,8,2,ONT: Carleton Place,17
87,Shaan Kingwell,L,60,10,23,33,32,19,9,1,1,2,10,ONT: Ottawa,18
88,Ondrej Ruml,D,66,10,18,28,4,27,9,0,1,1,0,Czechia: Boskovice,17
89,Brock Chitaroni,C,60,10,14,24,10,18,8,0,0,0,2,ONT: Sault Ste. Marie,16
90,Nic Sima 1,R,30,9,13,22,26,15,9,5,1,6,10,ONT: Mississauga,20
91,Nathan Amidovski 2,L,34,8,14,22,16,14,--,--,--,--,--,ONT: Alliston,17
92,Jack Dever 3,R,38,6,15,21,6,19,--,--,--,--,--,ONT: Belleville,19
93,Connor Bewick,D,65,1,20,21,49,48,9,1,2,3,2,IL: Gurnee,19
94,Sam McCue 4,L,28,7,8,15,34,13,9,2,0,2,9,ONT: Sudbury,19
95,Kaleb Dietsch,D,51,2,13,15,51,23,9,0,3,3,7,ONT: Niagara on the Lake,18
96,Ryan White,D,34,3,10,13,10,7,--,--,--,--,--,ONT: Kanata,18
97,David Bedkowski 5,D,30,3,9,12,60,19,7,1,1,2,14,ONT: Toronto,18
98,Brayden Krawczyk,C,52,4,7,11,12,3,2,0,0,0,0,ONT: Etobicoke,17
99,Teddy Spitznagel,F,30,2,9,11,23,10,9,0,0,0,9,NY: New York,19
100,Zach Houben,L,55,5,5,10,55,4,9,0,0,0,7,ONT: Stratford,18
101,Jaxon Williams 2,R,27,2,3,5,4,0,--,--,--,--,--,NC: Cary,17
102,Nolan Jackson,D,15,0,4,4,6,5,--,--,--,--,--,ONT: Innisfil,18
103,Reid Hayes,F,4,0,3,3,0,3,--,--,--,--,--,ONT: LaSalle,16
104,Caden Kelly,R,11,1,1,2,19,1,--,--,--,--,--,ONT: Mississauga,19
105,Jack Johnson,D,10,0,2,2,0,0,2,0,0,0,0,ONT: Stouffville,16
106,Jaeden Nelson,G,29,0,1,1,0,0,--,--,--,--,--,ONT: Ottawa,18
107,Ryder Fetterolf,G,41,0,1,1,4,0,9,0,0,0,0,PA: Sewickley,17
108,Theo Avila,D,2,0,0,0,0,-1,--,--,--,--,--,ONT: Ottawa,18
109,Cade Campbell,D,3,0,0,0,0,0,--,--,--,--,--,ONT: Toronto,16
110,Cole Beaudoin,C,54,33,55,88,29,40,15,10,19,29,17,ONT: Ottawa,19
111,Kashawn Aitcheson,D,56,28,42,70,97,46,19,8,19,27,25,ONT: Toronto,18
112,Brad Gardiner,C,67,31,34,65,49,9,21,7,12,19,0,ONT: Aurora,20
113,Emil Hemming,R,46,26,37,63,22,33,21,15,13,28,6,Finland: Vaasa,19
114,Joe Salandra,R,59,12,26,38,23,3,18,2,4,6,10,NY: Pleasantville,17
115,Calvin Crombie,R,60,11,24,35,82,5,20,3,7,10,36,ONT: Hamilton,19
116,Ben Wilmott 1,C,29,15,17,32,24,19,20,11,11,22,6,WA: Seattle,19
117,Cole Emerton,D,66,4,27,31,14,6,20,0,8,8,2,ONT: Oro-Medonte,17
118,Parker Von Richter 2,D,28,8,16,24,15,23,21,2,12,14,2,ONT: Mississauga,19
119,William Schneid,R,67,12,11,23,4,5,21,3,5,8,4,NY: Camillus,18
120,Carter Lowe,L,63,11,11,22,25,7,21,6,3,9,8,ONT: Toronto,19
121,Alex Assadourian,C,37,5,15,20,8,6,--,--,--,--,--,ONT: Stouffville,20
122,Jaiden Newton,C,67,7,12,19,43,-3,20,3,4,7,8,ONT: Whitby,17
123,Mason Zebeski 2,L,29,6,12,18,28,4,21,3,14,17,28,ONT: Oakville,19
124,Eamon Edgar,C,49,6,10,16,18,-1,15,1,2,3,4,ONT: Belle River,15
125,Nicholas Desiderio,L,64,7,8,15,47,5,17,1,0,1,2,NJ: North Caldwell,17
126,Justin Handsor,D,59,4,10,14,33,5,21,0,4,4,17,ONT: Whitby,17
127,Bode Stewart 3,L,36,3,9,12,34,-6,--,--,--,--,--,ONT: Oakville,19
128,Evan Passmore,D,66,3,7,10,58,12,21,0,3,3,13,ONT: Elmira,18
129,Gabriel Eliasson,D,61,2,6,8,122,-2,21,0,1,1,26,Sweden: Kungsbacka,18
130,Ethan Armstrong,D,31,1,5,6,17,-6,--,--,--,--,--,ONT: Toronto,18
131,Teague Vader,D,39,1,5,6,16,7,4,1,0,1,0,ONT: Gowanstown,18
132,Jonah McCormick,L,45,4,1,5,26,-3,16,0,0,0,8,ONT: Kingston,16
133,Nolan Newton,C,2,0,1,1,0,2,--,--,--,--,--,ONT: French River,19
134,Hagan Bach,G,1,0,0,0,0,0,--,--,--,--,--,NY: Niskayuna,16
135,Jack Pollock,D,3,0,0,0,7,1,--,--,--,--,--,ONT: Englehart,18
136,Noah Barton,D,3,0,0,0,0,-1,--,--,--,--,--,ONT: Peterborough,16
137,Aleksandr Sementsov,L,5,0,0,0,2,1,--,--,--,--,--,Russia: St. Petersburg,16
138,Sam Black 4,F,8,0,0,0,6,-2,--,--,--,--,--,ONT: Fergus,18
139,Arvin Jaswal,G,24,0,0,0,0,0,2,0,0,0,0,ONT: Pickering,17
140,Luc Gauvreau,F,25,0,0,0,63,-2,5,0,0,0,22,ONT: Hamilton,18
141,Ben Hrebik,G,43,0,0,0,2,0,20,0,0,0,0,ONT: Milton,19
142,Liam Greentree,R,52,38,36,74,63,19,13,6,8,14,9,ONT: Oshawa,19
143,Carson Woodall,D,68,12,51,63,27,17,13,2,6,8,0,ONT: Belle River,19
144,Anthony Cristoforo,D,62,22,40,62,16,13,13,5,9,14,4,ONT: Toronto,19
145,Ethan Belchetz,L,57,34,25,59,45,19,--,--,--,--,--,ONT: Oakville,17
146,Jack Nesbitt,C,55,25,33,58,67,26,13,7,3,10,17,ONT: Sarnia,18
147,Ethan Garden,L,65,16,25,41,19,13,13,4,3,7,4,MI: Belleville,17
148,Beksultan Makysh,L,68,14,25,39,21,28,7,0,1,1,0,Kazakhstan: Astana,17
149,Caden Harvey,C,68,11,23,34,10,26,13,3,3,6,2,PA: Beaver,17
150,Cole Davis,L,56,18,14,32,61,5,13,5,7,12,30,ONT: Sutton,19
151,Anthony Spellacy,C,51,13,19,32,63,0,13,3,5,8,18,OH: Cleveland,19
152,Wyatt Kennedy,D,66,3,23,26,44,37,13,1,5,6,2,ONT: Limoges,20
153,Andrew Robinson,D,63,9,15,24,19,36,13,2,6,8,0,ONT: Oakville,17
154,Nathan Villeneuve 1,C,23,5,14,19,31,5,13,3,1,4,34,ONT: Ottawa,19
155,Jean-Christoph Lemieux 2,L,33,10,8,18,22,8,--,--,--,--,--,PQ: Gatineau,17
156,Conor Walton,D,65,5,12,17,70,12,13,1,2,3,17,ONT: Toronto,19
157,Johnny McLaughlin,F,50,9,7,16,25,9,13,3,5,8,4,ONT: Corunna,16
158,Alex Pharand 1,R,30,6,10,16,11,3,13,2,2,4,2,ONT: Sudbury,20
159,Jakub Fibigr 3,D,29,2,14,16,6,5,13,3,9,12,2,Czech Rep.: Sternberk,19
160,Jonathan Brown,D,67,1,5,6,44,22,13,0,0,0,12,NY: Scarsdale,18
161,Max Brocklehurst,R,27,2,3,5,4,-5,8,2,0,2,2,NS: Sackville,16
162,Nathan Gaymes,R,49,1,4,5,70,0,11,1,2,3,0,ONT: Brampton,19
163,Carter Hicks 4,D,36,3,1,4,26,1,--,--,--,--,--,ONT: London,17
164,Cole Dubowsky,L,34,1,2,3,18,-6,--,--,--,--,--,ONT: Sudbury,18
165,Shawn Costello,C,24,1,1,2,12,-1,--,--,--,--,--,ONT: Brampton,18
166,Owen Outwater,L,8,0,2,2,6,2,--,--,--,--,--,ONT: Ottawa,20
167,Joey Costanzo,G,50,0,2,2,0,0,13,0,0,0,0,ONT: Toronto,20
168,Michael Newlove,G,23,0,1,1,2,0,--,--,--,--,--,ONT: Brampton,18
169,Kaiden Harmon,F,1,0,0,0,0,0,--,--,--,--,--,ONT: Cobourg,17
170,Grady Spicer,D,3,0,0,0,2,1,--,--,--,--,--,ONT: Brockville,17
171,Ian Inskip,L,5,0,0,0,2,0,--,--,--,--,--,ONT: L'Original,16
172,Jesse Debruyn,D,6,0,0,0,0,0,--,--,--,--,--,ONT: Exeter,16
173,Nathan Aspinall,L,65,33,61,94,42,21,8,10,7,17,2,ONT: Markham,19
174,Jimmy Lombardi,C,65,36,36,72,69,29,8,4,6,10,4,ONT: Toronto,18
175,Alex Kostov,R,47,24,31,55,48,24,8,3,6,9,14,ONT: Mississauga,19
176,Urban Podrekar,D,67,11,39,50,28,16,8,0,4,4,4,Slovenia: Kranj,20
177,Kevin He 1,L,32,25,21,46,16,18,6,3,6,9,7,China: Beijing,19
178,Darian Anderson,R,60,20,25,45,20,17,8,6,7,13,14,MI: Brighton,18
179,Christopher Thibodeau,C,52,16,22,38,25,6,8,4,5,9,0,SC: Charleston,19
180,Darels Uljanskis,D,42,8,18,26,16,25,8,0,5,5,4,Latvia: Riga,19
181,Luka Graziano,D,62,3,21,24,44,33,7,0,2,2,0,ONT: Toronto,17
182,Dryden Allen,D,68,3,21,24,36,17,8,1,3,4,0,ONT: Niagara Falls,18
183,Jacob Battaglia 2,R,28,12,9,21,22,2,8,5,13,18,13,ONT: Mississauga,19
184,Ihnat Pazii 3,L,46,10,10,20,14,6,8,2,0,2,2,Ukraine: Kharkiv,18
185,Charlie Murata,R,59,5,13,18,12,7,3,0,0,0,0,ONT: Scarborough,16
186,Brady Smith 4,R,52,9,8,17,12,12,8,3,2,5,4,ONT: Whitby,17
187,Rylan Fellinger,D,65,3,13,16,44,25,8,0,2,2,0,ONT: Wawa,18
188,Chase Hull 5,F,30,8,5,13,6,5,--,--,--,--,--,ONT: Nepean,18
189,Joshua Colosimo,F,58,4,7,11,52,1,2,0,0,0,0,ONT: Vaughan,19
190,Ryland Cunningham,L,47,4,6,10,30,-3,8,2,3,5,5,ONT: Cobourg,17
191,Bryson Morgan,C,51,3,7,10,0,2,--,--,--,--,--,ONT: Zephyr,17
192,Xavier Tessier,L,37,7,1,8,6,7,8,2,1,3,2,ONT: Ottawa,17
193,Josh Bonnyman,F,46,2,6,8,13,1,2,0,0,0,0,ONT: Uxbridge,18
194,Kaden Pitre 6,C,12,5,2,7,6,3,--,--,--,--,--,ONT: Newmarket,19
195,Matthew Wang 7,L,10,3,4,7,10,0,--,--,--,--,--,ONT: London,20
196,Jeremy Martin 8,L,7,3,1,4,2,-2,--,--,--,--,--,ONT: Ajax,18
197,George Komadoski,D,50,0,3,3,34,-4,4,0,0,0,5,MO: St. Louis,17
198,Mason Vaccari,G,51,0,3,3,0,0,8,0,2,2,0,ONT: Mississauga,20
199,Christian Colosimo,D,16,1,1,2,20,1,--,--,--,--,--,ONT: Vaughan,16
200,James Paul,D,35,0,2,2,6,11,8,1,3,4,2,ONT: Mississauga,17
201,Zack Bleick,D,8,0,1,1,6,1,--,--,--,--,--,OH: Cleveland,16
202,Charlie Hotles,C,1,0,0,0,0,0,--,--,--,--,--,ONT: Markham,17
203,Lucas Nutting,D,1,0,0,0,0,0,--,--,--,--,--,ONT: London,16
204,Brayden Lappalainen,L,1,0,0,0,0,1,--,--,--,--,--,ONT: Tecumseh,16
205,Carter Beauchesne,F,1,0,0,0,0,1,--,--,--,--,--,ONT: Ottawa,16
206,Jack D'Arcy,D,3,0,0,0,2,-2,--,--,--,--,--,ONT: Cambridge,17
207,Mason Courville,G,18,0,0,0,2,0,--,--,--,--,--,PA: Palmyra,15
208,Henry Brzustewicz,D,59,19,35,54,57,-15,5,0,2,2,20,MI: Washington,18
209,Jaxon Cover,R,67,20,32,52,48,9,5,2,1,3,6,FL: Coral Springs,17
210,Braidy Wassilyn 1,L,56,17,24,41,8,3,5,0,0,0,2,ONT: Campbellville,17
211,Ryan Brown 2,L,33,16,24,40,16,7,5,3,2,5,2,ONT: Newmarket,17
212,Cohen Bidgood,R,51,14,25,39,49,17,5,0,1,1,6,ONT: Peterborough,18
213,Evan Van Gorp,L,66,12,27,39,16,-2,5,1,2,3,2,ONT: Watford,19
214,Braiden Clark,F,61,22,14,36,26,-1,3,1,0,1,2,OH: Upper Arlington,20
215,Ben Wilmott 3,C,37,12,22,34,23,11,--,--,--,--,--,WA: Seattle,19
216,Andoni Fimis,D,68,7,26,33,18,17,5,0,0,0,4,ONT: Richmond Hill,19
217,Jesse Nurmi,L,30,14,17,31,10,-3,4,0,1,1,0,Finland: Valkeala,20
218,Sam O'Reilly 4,R,28,12,16,28,11,-11,--,--,--,--,--,ONT: Toronto,19
219,William Nicholl,C,32,15,11,26,14,10,5,0,3,3,2,ONT: Ottawa,19
220,Jared Woolley 4,D,37,10,15,25,44,12,--,--,--,--,--,ONT: Oshawa,19
221,Kaeden Hawkins,L,61,9,14,23,8,-3,5,0,0,0,2,MO: St. Louis,20
222,Caleb Mitchell,D,57,5,18,23,35,19,4,0,1,1,2,ONT: Omemee,17
223,Linus Funck,D,65,4,18,22,29,18,3,1,0,1,2,Sweden: Lulea,18
224,Rene Van Bommel,L,66,10,11,21,80,1,5,0,0,0,11,ONT: Strathroy,19
225,Brody Cook,R,57,6,12,18,27,0,4,0,0,0,0,MI: Birmingham,18
226,Maximus Crete,C,54,5,8,13,35,-3,--,--,--,--,--,ONT: Ottawa,17
227,Logan Hawery 5,C,34,3,7,10,17,1,--,--,--,--,--,ONT: Barrie,17
228,Maksim Sokolovskii,D,44,2,6,8,49,10,5,0,0,0,4,Russia: Petropavlovsk,17
229,Mikhail Zakharov,C,50,2,5,7,27,-5,3,0,0,0,0,Russia: Tomsk,18
230,Julian Brown 6,D,36,1,6,7,48,3,--,--,--,--,--,MA: Worcester,19
231,Jacob Xu 7,D,28,0,7,7,21,-2,5,0,0,0,0,ONT: Richmond Hill,17
232,Noah Read 8,C,10,1,1,2,8,-4,--,--,--,--,--,ONT: St. Catharines,18
233,Cooper McAslan,D,4,0,2,2,2,2,4,0,0,0,0,ONT: Bowmanville,16
234,Owen Miniotas,F,1,0,1,1,0,1,--,--,--,--,--,ONT: London,16
235,Alex Campeau,C,6,0,1,1,0,1,1,0,0,0,0,ONT: Cornwall,16
236,Peter Fagan,D,8,0,1,1,9,-1,--,--,--,--,--,ONT: Brampton,18
237,Sebastian Gatto,G,38,0,1,1,2,0,3,0,0,0,2,MI: Troy,19
238,Jake Ritson,F,2,0,0,0,0,0,--,--,--,--,--,ONT: Thunder Bay,16
239,Cody Wood,D,4,0,0,0,2,1,--,--,--,--,--,ONT: Uxbridge,17
240,Eloan Le Gallic,F,4,0,0,0,0,-1,--,--,--,--,--,PQ: Quebec City,16
241,Jacob Vandeven,D,8,0,0,0,0,-1,4,1,0,1,2,ONT: Komoka,17
242,Alexei Medvedev,G,36,0,0,0,2,0,2,0,0,0,0,Russia: St. Petersburg,17
243,Marco Mignosa,R,65,35,54,89,33,27,10,7,10,17,4,ONT: Toronto,20
244,Christopher Brown,C,68,19,40,59,22,18,3,0,0,0,0,ONT: Toronto,19
245,Quinn McKenzie,C,65,21,30,51,12,12,10,5,2,7,10,PA: Cranberry Township,17
246,Chase Reid,D,45,18,30,48,30,27,10,3,3,6,10,MI: Pontiac,17
247,Jordan Charron,R,66,25,22,47,68,9,10,3,1,4,24,ONT: Ayr,18
248,Travis Hayes,R,63,16,24,40,52,27,10,1,2,3,8,MI: Westland,17
249,Jeremy Martin 1,L,54,26,13,39,18,4,8,4,3,7,4,ONT: Ajax,18
250,Noah Laus,L,68,12,17,29,23,-1,10,0,1,1,6,ONT: Belle River,16
251,Lukas Fischer 2,D,39,5,21,26,50,12,10,1,5,6,14,MI: Pontiac,18
252,Jakub Winkelhofer,D,48,7,18,25,24,17,10,0,1,1,4,Czechia: Kadan,18
253,Brady Martin,C,24,8,16,24,37,6,10,3,7,10,10,ONT: Kitchener,18
254,Colin Fitzgerald 3,C,39,9,11,20,31,-6,10,0,0,0,2,ONT: Peterborough,17
255,Callum Croskery,D,43,3,15,18,25,17,10,1,4,5,4,ONT: Oakville,17
256,Brady Smith,F,52,9,8,17,12,12,10,0,2,2,4,ONT: Arthur,18
257,Carson Andrew,L,50,7,7,14,19,2,10,1,1,2,0,MO: St. Louis,17
258,Harris Pangretitsch,D,67,2,12,14,53,20,10,0,1,1,15,ONT: Toronto,17
259,Spencer Evans,D,63,2,11,13,69,20,10,0,0,0,4,ONT: Stittsville,19
260,Tobias Zvolensky,L,51,6,6,12,8,8,2,0,0,0,0,: Zvolen,17
261,Brodie McConnell-Barker,D,33,1,10,11,12,8,--,--,--,--,--,ONT: London,19
262,Justin Cloutier,R,24,6,4,10,38,-4,9,0,1,1,10,ONT: Ottawa,20
263,Ryan Kaczynski,L,47,2,8,10,2,-2,5,0,0,0,2,NY: Syosset,16
264,Hunter Solomon 4,D,26,1,5,6,15,-2,--,--,--,--,--,ONT: Guelph,17
265,Keegan Gillen,D,26,0,3,3,12,2,--,--,--,--,--,ONT: Amherstburg,18
266,Charlie Hilton 5,L,8,1,1,2,7,0,--,--,--,--,--,ONT: Oshawa,18
267,Carter George 6,G,24,1,1,2,6,0,10,0,0,0,0,ONT: Thunder Bay,19
268,Blake Arrowsmith,R,31,1,1,2,24,-4,3,0,1,1,2,OH: Solon,18
269,Tate Vader,C,2,1,0,1,0,0,--,--,--,--,--,ONT: Gowanstown,19
270,Brady Smith 7,R,11,1,0,1,4,-1,--,--,--,--,--,ONT: Whitby,17
271,Charlie Ashcroft,D,8,0,1,1,2,-2,--,--,--,--,--,ONT: Toronto,17
272,Jack O'Brien,D,16,0,1,1,12,-2,--,--,--,--,--,ME: Kennebunk,20
273,Karsten Barbeau,L,3,0,0,0,2,0,--,--,--,--,--,ONT: Ottawa,16
274,Noah Tegelaar 8,G,11,0,0,0,0,0,--,--,--,--,--,ONT: Georgetown,18
275,Landon Miller,G,33,0,0,0,0,0,--,--,--,--,--,ONT: Barrie,19
276,Adam Novotny,L,58,34,31,65,22,-2,6,0,1,1,0,Czechia: Hradec Kralove,17
277,Aiden Young,L,62,23,35,58,19,9,6,0,2,2,4,ONT: London,18
278,Matthew Soto,R,68,19,32,51,24,5,1,0,0,0,0,MN: St. Paul,20
279,Brennan Faulkner,L,68,29,20,49,41,23,6,1,2,3,0,ONT: London,19
280,Adam Levac,C,60,16,28,44,47,-5,6,2,2,4,0,ONT: Embrun,17
281,Leon Kolarik,L,63,19,22,41,6,-2,6,1,0,1,2,Austria: Vienna,17
282,Braydon McCallum,R,60,15,22,37,110,-15,6,2,2,4,13,ONT: Delhi,19
283,Kieron Walton 1,C,29,16,20,36,14,-8,6,3,3,6,0,ONT: Toronto,19
284,James Petrovski,D,45,5,30,35,35,-16,6,0,0,0,4,ONT: Mississauga,20
285,Yanis Lutz,L,62,13,21,34,50,8,6,1,1,2,0,Switzerland: Lachen,17
286,Matthew Perreault,D,65,5,25,30,20,5,6,0,0,0,2,ONT: Ottawa,16
287,Carson Cameron,D,61,8,14,22,55,-2,6,0,0,0,0,ONT: Bobcaygeon,18
288,Kaden McGregor,C,39,7,13,20,10,-5,--,--,--,--,--,ONT: Braeside,16
289,Colin Fitzgerald 2,C,24,6,7,13,33,-17,--,--,--,--,--,ONT: Peterborough,17
290,Grayden Strohack,D,57,1,11,12,83,11,6,0,1,1,9,ONT: Waterloo,19
291,Calum Hartnell,D,44,3,7,10,12,-3,6,0,1,1,2,ONT: Nepean,18
292,Gerry DiCunzolo,L,39,4,5,9,7,-11,--,--,--,--,--,NY: Buffalo,16
293,Blake Gowan 3,D,36,0,8,8,26,2,--,--,--,--,--,ONT: Kingston,17
294,Genc Ula 4,D,38,2,5,7,55,-6,--,--,--,--,--,NY: Chappaqua,16
295,Franics Parish,R,45,2,4,6,18,-7,6,1,1,2,7,ONT: Richmond Hill,18
296,Brett Hammond 5,R,24,1,4,5,22,-2,5,0,0,0,0,ONT: Ottawa,18
297,Garrett Frazer 5,D,29,1,3,4,29,0,6,0,2,2,2,VA: Haymarket,19
298,Brody Partridge,C,47,2,1,3,17,-11,6,0,0,0,0,ONT: Picton,18
299,Caden Taylor 6,L,8,1,2,3,4,-6,--,--,--,--,--,ONT: Shanty Bay,18
300,Holden Carter,D,14,0,3,3,8,7,5,0,0,0,0,IL: Hoffman Estates,18
301,Brandt Rooyakkers,F,1,1,1,2,0,2,--,--,--,--,--,ONT: London,16
302,Luis Sturgeon,D,3,0,1,1,4,2,--,--,--,--,--,ONT: London,16
303,Ben Radley 1,D,5,0,1,1,0,-4,--,--,--,--,--,ONT: Iroquois,18
304,Thanasi Marentette,D,42,0,1,1,58,-6,1,0,0,0,0,ONT: Windsor,18
305,Easton Rye,G,57,0,1,1,2,0,6,0,0,0,0,ONT: Peterborough,18
306,Jonny Brooks,F,1,0,0,0,0,0,--,--,--,--,--,ONT: Oakville,17
307,Dylan Lee-Stack,G,2,0,0,0,0,0,--,--,--,--,--,NY: New York,18
308,Liam Ladds 4,D,2,0,0,0,0,-1,--,--,--,--,--,ONT: Ilderton,17
309,Elijah Chavez,F,3,0,0,0,0,0,--,--,--,--,--,ONT: Oshawa,16
310,Kaiden Thatcher,D,3,0,0,0,4,1,--,--,--,--,--,ONT: Bethany,18
311,Kieran Raynor,F,8,0,0,0,2,1,--,--,--,--,--,ONT: St. Catharines,16
312,Masen Johnston,G,12,0,0,0,2,0,--,--,--,--,--,ONT: Peterborough,18
313,Ethan Procyszyn,C,65,31,28,59,94,32,10,4,1,5,6,ONT: Wasaga Beach,19
314,Nick Wellenreiter,F,68,23,33,56,34,27,10,1,2,3,6,ONT: Dundas,19
315,Lirim Amidovski,R,65,25,23,48,53,9,10,2,1,3,4,ONT: Alliston,18
316,Evgeny Dubrovtsev,C,68,14,24,38,18,0,10,0,4,4,4,: St. Petersburg,17
317,Kaden Pitre 1,C,37,13,24,37,22,14,6,0,2,2,8,ONT: Newmarket,19
318,Ryder Cali,C,47,16,20,36,24,2,10,1,3,4,4,ONT: Penetanguishene,16
319,Parker Vaughan,R,68,14,19,33,63,1,10,5,2,7,6,ONT: St. Thomas,17
320,Kent Greer,D,58,10,22,32,8,-7,10,1,3,4,4,ONT: Renfrew,17
321,Ryder Carey,C,59,15,15,30,37,8,10,2,0,2,5,ONT: Millgrove,17
322,Camryn Warren,C,58,7,22,29,16,-14,10,4,2,6,0,ONT: Vaughan,16
323,Nolan Laird,C,65,10,14,24,36,-8,9,0,2,2,2,ONT: Port Perry,19
324,Sebastien Gervais 2,L,30,9,14,23,0,10,10,1,2,3,0,ONT: Windsor,20
325,Brandt Harper,D,57,6,16,22,12,7,8,1,1,2,0,FL: Tampa,19
326,Bronson Ride,D,60,4,17,21,68,11,10,0,1,1,12,ONT: Toronto,20
327,Shamar Moses,R,48,8,10,18,60,-17,4,1,1,2,4,ONT: Scarborough,18
328,Jonathan Kapageridis,D,55,2,16,18,26,9,--,--,--,--,--,ONT: Vaughan,18
329,Ihnat Pazii 3,L,22,6,10,16,17,5,--,--,--,--,--,Ukraine: Kharkiv,18
330,Aaron Enright,D,53,2,14,16,24,12,10,0,3,3,0,ONT: Cobden,18
331,Arseny Pronin,L,42,7,7,14,12,1,6,0,1,1,2,: Minsk,18
332,Adrian Manzo,D,57,3,8,11,24,18,10,1,1,2,6,ONT: Vaughan,18
333,Jax Pereira,C,22,3,3,6,2,4,--,--,--,--,--,ONT: Uxbridge,16
334,Carter Kunopaski,D,44,2,4,6,22,-2,9,0,0,0,2,ONT: Pakenham,16
335,Hayden Barch 2,D,30,0,4,4,19,8,8,0,1,1,4,ONT: Grand Bend,18
336,Briir Long,C,10,1,2,3,0,3,--,--,--,--,--,ONT: Astorville,18
337,Lincoln Edwards,L,7,1,1,2,2,2,--,--,--,--,--,ONT: Don Mills,15
338,Alexander Karmanov,D,20,0,2,2,29,6,--,--,--,--,--,Moldova: Chisinau,17
339,Mike McIvor,G,25,0,2,2,0,0,4,0,0,0,5,ONT: Warkworth,19
340,Jack Lisson,G,40,0,1,1,2,0,8,0,0,0,0,ONT: Oakville,19
341,Charlie Larocque 4,G,1,0,0,0,0,0,--,--,--,--,--,ONT: Kanata,18
342,Declan Gallivan,D,1,0,0,0,0,1,--,--,--,--,--,ONT: Sault Ste. Marie,18
343,Easton Poe,D,1,0,0,0,0,1,--,--,--,--,--,MI: White Lake,17
344,Quinn Kipfer,F,2,0,0,0,0,0,--,--,--,--,--,ONT: Milverton,17
345,Devran Brown,D,2,0,0,0,0,2,--,--,--,--,--,ONT: Nepean,17
346,Cole Vreugdenhil,G,6,0,0,0,0,0,--,--,--,--,--,ONT: Hannon,15
347,Landon Wright,F,60,18,26,44,8,2,4,0,1,1,0,ONT: Brockville,19
348,Kieren Dervin,C,53,17,25,42,20,-6,4,0,2,2,0,ONT: Gloucester,18
349,Tomas Pobezal,C,60,17,22,39,41,-3,2,1,1,2,7,: Puchov,18
350,Vann Williamson,D,68,3,34,37,38,-10,4,0,1,1,4,ONT: Ajax,19
351,Maleek McGowan,D,62,14,22,36,29,-5,4,0,1,1,0,ONT: Toronto,20
352,Nolan Snyder,R,68,16,17,33,14,3,4,1,0,1,4,PA: Pittsburgh,16
353,Aleks Kulemin,C,57,11,20,31,22,10,4,1,0,1,4,ONT: Woodbridge,16
354,Matthew Frost,F,64,14,15,29,21,-2,4,1,1,2,2,SASK: Moose Jaw,18
355,Jacob Battaglia 1,R,36,14,13,27,39,-6,--,--,--,--,--,ONT: Mississauga,19
356,Robin Kuzma,C,68,14,13,27,10,-2,4,1,1,2,2,IL: Naperville,17
357,Tyler Hopkins 2,C,29,12,13,25,16,0,--,--,--,--,--,ONT: Campbellville,18
358,Alex McLean 3,C,27,4,20,24,8,-4,4,1,1,2,2,ONT: Perth,17
359,Andrew Kuzma 4,F,39,12,8,20,8,-6,--,--,--,--,--,IL: Naperville,20
360,Alex Misiak 5,L,28,6,14,20,31,-10,4,1,1,2,0,Slovakia: Malinovo,18
361,Nolan Buttar,C,62,11,8,19,21,1,4,0,1,1,2,ONT: Lindsay,17
362,Andre Mondoux,D,66,6,12,18,48,19,4,0,0,0,5,ONT: Sturgeon Falls,18
363,Matthew Henderson,D,63,2,16,18,24,6,4,1,1,2,2,ONT: Sarnia,16
364,Riley Clark,L,65,4,8,12,22,-6,4,1,2,3,5,ONT: Toronto,19
365,Adam Kelly,C,50,2,10,12,12,3,1,0,1,1,0,ONT: Sioux Lookout,16
366,Will Bishop,D,67,1,10,11,41,-20,4,1,1,2,7,ONT: London,20
367,Lukas Moore,D,57,2,7,9,33,18,3,0,0,0,6,ONT: Courtice,18
368,Camden McCuaig,F,17,3,3,6,11,1,1,0,0,0,0,ONT: Williamstown,17
369,Jack Dever 6,R,14,3,2,5,0,-5,4,0,1,1,0,ONT: Belleville,19
370,Ty Robar,C,10,3,1,4,4,1,--,--,--,--,--,ONT: Whitby,16
371,Niko Krmpotic,D,24,0,3,3,2,-2,--,--,--,--,--,ONT: Georgetown,18
372,Landon Marleau,F,4,1,0,1,0,1,--,--,--,--,--,CA: San Jose,18
373,Nolan Turnbull,D,1,0,1,1,0,1,1,0,0,0,0,ONT: Ottawa,18
374,Dante D'Andrea,D,5,0,1,1,0,-2,--,--,--,--,--,ONT: Sarnia,16
375,Gavin Betts,G,43,0,1,1,0,0,3,0,0,0,0,ONT: Toronto,17
376,Matthew Minchak,G,30,0,0,0,0,0,3,0,0,0,0,NJ: Cranford,18
377,Pierce Mbuyi,L,68,32,43,75,85,2,4,1,0,1,0,ONT: Mississauga,17
378,Tristan Delisle,L,68,31,33,64,54,-8,4,0,0,0,2,ONT: St. Andrews West,18
379,Harry Nansi,C,67,13,43,56,29,-16,4,0,0,0,0,ONT: Nepean,17
380,Lenny Greenberg,D,67,13,35,48,43,-5,3,0,0,0,2,CA: El Segundo,20
381,Cole Zurawski,R,63,24,22,46,34,-14,3,1,1,2,0,ONT: Barrie,17
382,Nicholas Sykora,L,67,24,20,44,6,-19,3,0,1,1,2,NJ: Roseland,18
383,John Banks,D,66,5,38,43,30,-24,4,0,1,1,0,NJ: Secaucus,18
384,Jake Crawford,C,60,14,23,37,71,-4,4,0,0,0,7,ONT: Barrie,18
385,Caden Taylor 1,L,38,10,15,25,25,1,3,0,0,0,2,ONT: Shanty Bay,18
386,Braedyn Rogers,D,66,6,19,25,34,-1,4,0,1,1,0,ONT: Belleville,18
387,Masen Wray,C,47,11,11,22,24,-11,4,1,0,1,4,ONT: North Bay,19
388,Noah Nelson,C,49,11,10,21,34,6,4,0,0,0,2,ONT: London,20
389,David Bedkowski 2,D,38,2,15,17,58,6,--,--,--,--,--,ONT: Toronto,18
390,Elliot Arnett,D,65,3,13,16,84,-5,4,0,0,0,6,ONT: Alliston,17
391,Wesley Royston 3,R,46,10,5,15,80,-5,4,0,0,0,15,ONT: Oro-Medonte,17
392,Michael Dec 4,R,16,3,12,15,2,-6,--,--,--,--,--,ONT: Mississauga,18
393,Max Delisle,C,57,5,8,13,52,-13,4,0,0,0,0,ONT: St. Andrews West,16
394,Noah Roberts,D,65,6,6,12,89,-7,4,0,0,0,13,ONT: Uxbridge,19
395,Easton Mikus,F,54,4,7,11,23,1,1,0,0,0,0,ONT: Thunder Bay,18
396,Landon Jackman,C,38,3,6,9,13,-5,1,0,0,0,0,MO: St. Louis,16
397,Jared Langdon,C,23,4,3,7,6,-6,4,0,0,0,0,ONT: Belleville,18
398,Julian Brown 5,D,24,3,3,6,21,-4,4,0,1,1,9,MA: Worcester,19
399,Jacob Therrien,R,5,2,2,4,11,-1,--,--,--,--,--,ONT: Courtice,19
400,Blake Munnings,D,33,2,2,4,4,0,2,0,0,0,2,ONT: Belleville,16
401,Ethan Kindree,R,13,0,1,1,2,-5,--,--,--,--,--,ONT: Cayuga,17
402,Carter George 6,G,22,0,1,1,0,0,--,--,--,--,--,ONT: Thunder Bay,19
403,Matthew Koprowski,G,29,0,1,1,0,0,3,0,0,0,0,ONT: Komoka,18
404,Dylan Durno,G,--,--,--,--,--,--,1,0,0,0,0,ONT: London,17
405,Alexander Lisi,F,3,0,0,0,0,0,--,--,--,--,--,ONT: Tecumseh,16
406,Mason Roy 7,D,17,0,0,0,2,-6,--,--,--,--,--,ONT: Campbellville,17
407,Trenten Bennett,G,27,0,0,0,0,0,2,0,0,0,0,ONT: Kitchener,19
408,Ethan Miedema,L,68,25,22,47,46,-16,4,1,0,1,5,BC: Fort St. John,20
409,Illia Shybinskyi,L,60,19,25,44,10,-2,4,0,3,3,0,ONT: Toronto,18
410,Jaakko Wycisk,C,60,17,26,43,22,-8,4,0,1,1,0,ONT: Tecumseh,16
411,Leo Serlin,R,68,15,26,41,16,-9,4,0,0,0,5,ONT: Toronto,19
412,Wil McFadden,C,62,11,30,41,14,-12,4,0,1,1,2,ONT: Peterborough,18
413,Carter Stevens,R,53,20,16,36,29,-12,4,1,0,1,0,ONT: Almonte,17
414,Charlie Paquette 1,R,36,17,19,36,6,-17,--,--,--,--,--,ONT: Essex,19
415,Quinn Beauchesne,D,56,7,28,35,57,-14,4,0,1,1,10,ONT: Ottawa,18
416,Tyler Hopkins 2,C,27,13,12,25,12,-1,4,2,0,2,2,ONT: Campbellville,18
417,Parker Snelgrove,C,68,11,14,25,52,-13,4,0,0,0,0,ONT: London,18
418,Hunter McKenzie,C,62,10,13,23,21,-9,4,0,0,0,2,ONT: Holstein,18
419,Rylan Singh,D,52,4,19,23,23,-5,4,1,0,1,2,ONT: Pickering,17
420,Alex McLean 3,C,30,7,14,21,4,-2,--,--,--,--,--,ONT: Perth,17
421,Grant Spada,D,61,6,15,21,75,11,4,0,0,0,14,ONT: Fort Erie,18
422,Layne Gallacher 4,C,32,5,13,18,4,-5,4,0,1,1,2,ONT: Brooklin,17
423,Noah Jenken,D,37,6,11,17,35,1,--,--,--,--,--,ONT: Ilderton,18
424,Jett Luchanko 1,C,11,2,15,17,10,-1,--,--,--,--,--,ONT: London,19
425,Eric Frossard,D,51,5,9,14,51,-8,4,0,1,1,6,ONT: London,17
426,Simon Belohorsky,L,34,9,4,13,6,4,3,0,0,0,0,: Liberec,16
427,Rowan Topp,D,57,3,10,13,64,0,4,0,0,0,7,ONT: St. Anns,19
428,Chris Soares,F,38,2,7,9,28,-3,--,--,--,--,--,ONT: Milton,19
429,Mykhailo Haponenko,L,45,3,4,7,8,-7,--,--,--,--,--,: Kharkiv,17
430,Mark Pape,L,46,3,4,7,24,-15,2,0,0,0,0,OH: Shaker Heights,16
431,Patrick Babin 4,D,42,0,6,6,14,-7,2,0,0,0,2,ONT: Niagara Falls,17
432,Joshua Avery 5,C,12,2,3,5,0,-5,4,0,0,0,2,ONT: Uxbridge,18
433,Sam Johnston,F,8,1,0,1,0,-1,--,--,--,--,--,ONT: Waterdown,18
434,Hayden Martin,D,2,0,1,1,0,0,--,--,--,--,--,ONT: Barrie,16
435,Daniil Skvortsov,D,6,0,1,1,4,-7,--,--,--,--,--,Russia: Kaluga,18
436,Zack Naish,D,7,0,1,1,6,-3,--,--,--,--,--,ONT: Hampton,15
437,Braeden Van Gelder,D,10,0,1,1,0,0,1,0,0,0,0,ONT: Toronto,18
438,Colin Ellsworth,G,21,0,1,1,0,0,1,0,0,0,0,ONT: Aurora,16
439,Zach Jovanovski,G,52,0,1,1,2,0,4,0,0,0,0,ONT: Tecumseh,17
440,Cruz Reznik,G,1,0,0,0,0,0,--,--,--,--,--,ONT: Richmond Hill,16
441,Robert Matson,C,1,0,0,0,0,0,--,--,--,--,--,NY: Binghamton,16
442,Callan Newton,F,2,0,0,0,2,0,--,--,--,--,--,ONT: Guelph,17
443,Dawson Morris,D,2,0,0,0,0,-1,--,--,--,--,--,ONT: Sudbury,17
444,Carter Lewandowski,C,6,0,0,0,0,-1,--,--,--,--,--,ONT: Maple,16
445,Jan Chovan,R,60,28,27,55,14,-26,4,2,0,2,0,Slovakia: Bratislava,18
446,Kieron Walton 1,C,33,24,28,52,12,-12,--,--,--,--,--,ONT: Toronto,19
447,Artyom Gonchar,D,65,15,36,51,31,-23,4,0,4,4,4,: Chelyabinsk,18
448,Nathan Villeneuve 2,C,28,16,28,44,42,-7,--,--,--,--,--,ONT: Ottawa,19
449,Adam Nemec,L,31,14,21,35,15,-9,4,0,2,2,6,Slovakia: Liptovsky Mikulas,17
450,Daniel Berehowsky,F,63,12,23,35,6,-30,4,1,0,1,2,AZ: Scottsdale,18
451,Chase Coughlan,R,59,18,15,33,92,-7,4,2,1,3,12,ONT: Toronto,20
452,Rowan Henderson,L,62,12,20,32,40,-13,4,1,1,2,2,ONT: Wellesley,17
453,Blake Clayton,C,68,9,19,28,68,-14,4,1,2,3,2,ONT: Burlington,17
454,Alex Pharand 2,R,37,10,16,26,8,-9,--,--,--,--,--,ONT: Sudbury,20
455,Jean-Christoph Lemieux 3,L,23,10,15,25,6,-12,4,2,1,3,0,PQ: Gatineau,17
456,Vladimir Provorov,C,67,7,18,25,22,-23,4,0,0,0,2,: Yaroslavl,17
457,Luca Blonda,D,60,2,21,23,25,-25,1,0,0,0,0,ONT: Sault Ste. Marie,16
458,Ethan Dean,F,67,6,9,15,12,-19,4,0,0,0,2,ONT: London,17
459,Hudson Martin,D,62,1,14,15,8,-17,4,0,2,2,0,ONT: Midhurst,18
460,Gavin Ewles,D,67,4,10,14,39,-8,4,0,1,1,6,ONT: Barrie,20
461,Brayden Bennett,C,64,4,9,13,20,-13,3,0,0,0,0,ONT: Ottawa,16
462,Hudson Chitaroni,F,21,5,5,10,17,-14,4,1,1,2,2,ONT: Sault Ste. Marie,18
463,Genc Ula 4,D,30,4,5,9,44,3,4,0,2,2,2,NY: Chappaqua,16
464,Trevor O'Dell,D,56,1,6,7,24,-13,4,0,0,0,0,ONT: Stouffville,19
465,Liam Ladds 4,D,22,3,2,5,21,1,--,--,--,--,--,ONT: Ilderton,17
466,Carter Kostuch 5,L,31,1,2,3,6,-3,--,--,--,--,--,ONT: Richmond Hill,18
467,Brady Smith,D,46,0,3,3,38,-10,1,0,0,0,0,ONT: Oshawa,17
468,Patrik Ula,L,4,1,1,2,0,1,--,--,--,--,--,NY: Chappaqua,15
469,Mason Walker,F,13,0,2,2,10,-4,--,--,--,--,--,ONT: Sudbury,16
470,Parker Smith,F,5,1,0,1,0,-1,--,--,--,--,--,ONT: Waterloo,16
471,Henry Doucet,L,23,1,0,1,23,-3,2,0,0,0,2,ONT: Kanata,17
472,Joey Brehmer,F,5,0,1,1,4,0,1,0,0,0,0,ONT: Waterloo,19
473,Finn Kearns,D,15,0,1,1,17,-6,4,0,1,1,0,ONT: Aurora,17
474,Jason Tremblay,G,1,0,0,0,0,0,--,--,--,--,--,PQ: Alma,19
475,Greg Najda,L,1,0,0,0,0,-1,--,--,--,--,--,ONT: Mississauga,17
476,Kingston Harris,F,2,0,0,0,0,0,--,--,--,--,--,ONT: Oakville,16
477,Nathan McKee,D,2,0,0,0,0,-1,--,--,--,--,--,ONT: Barrie,17
478,Jayden Connors,D,3,0,0,0,0,-4,--,--,--,--,--,ONT: Scarborough,18
479,Bodhi Ryan,C,4,0,0,0,0,-1,--,--,--,--,--,ONT: Toronto,17
480,"Ben RadleyTo Peterborough""> 6",D,4,0,0,0,2,-1,--,--,--,--,--,ONT: Iroquois,18
481,Cole Wreggitt,D,6,0,0,0,0,-4,--,--,--,--,--,ONT: Sault Ste. Marie,17
482,Kimani Eccleston,F,7,0,0,0,0,-2,--,--,--,--,--,ONT: Brampton,18
483,Zach Wilson 7,D,7,0,0,0,2,-5,--,--,--,--,--,ONT: Fenelon Falls,18
484,Finn Marshall,G,10,0,0,0,0,0,--,--,--,--,--,ONT: Toronto,19
485,Owen Leonard,G,10,0,0,0,0,0,--,--,--,--,--,ONT: Toronto,16
486,Karsen Chartier,G,13,0,0,0,0,0,--,--,--,--,--,ONT: Sudbury,19
487,Paolo Frasca,G,18,0,0,0,0,0,3,0,0,0,0,ONT: Toronto,18
488,Bjorn Bronas,G,27,0,0,0,0,0,1,0,0,0,0,MN: Sartell,18
489,Easton Walos,F,68,25,23,48,45,-24,--,--,--,--,--,WI: Hartland,16
490,Beckham Edwards,C,64,19,26,45,14,-26,--,--,--,--,--,ONT: Komoka,17
491,Ben Pickell,C,64,24,17,41,45,-13,--,--,--,--,--,ONT: Courtice,20
492,Jack Van Volsen,C,68,20,18,38,36,-39,--,--,--,--,--,ONT: Brooklin,19
493,Matthew Manza,F,67,13,21,34,14,-28,--,--,--,--,--,ONT: Mississauga,17
494,Liam Beamish,C,66,11,22,33,41,-32,--,--,--,--,--,ONT: Beamsville,18
495,Jordan Bax,R,52,15,16,31,65,-14,--,--,--,--,--,ONT: Parkhill,19
496,Alessandro Di Iorio,C,45,12,19,31,16,-37,--,--,--,--,--,ONT: Vaughan,17
497,Cameron Aucoin,D,67,7,20,27,30,-15,--,--,--,--,--,IL: Hinsdale,18
498,Mitchell Young,D,48,7,19,26,57,-36,--,--,--,--,--,ONT: Elmira,20
499,Ryan Brown 1,L,34,6,17,23,27,-6,--,--,--,--,--,ONT: Newmarket,17
500,Jacob Reese,D,66,5,15,20,101,-13,--,--,--,--,--,NY: Boston,19
501,Brenner Lammens,C,59,9,9,18,95,-10,--,--,--,--,--,ONT: Langton,15
502,Lukas Fischer 2,D,26,3,15,18,38,-5,--,--,--,--,--,MI: Pontiac,18
503,Tyler Challenger 3,C,45,10,6,16,20,-13,--,--,--,--,--,ONT: Mississauga,17
504,Logan Hawery 4,C,15,1,10,11,4,2,--,--,--,--,--,ONT: Barrie,17
505,James Barr,D,28,1,10,11,13,-11,--,--,--,--,--,ONT: Oakville,18
506,Chase Gaughan,R,49,3,7,10,6,2,--,--,--,--,--,PA: Drums,17
507,Hughston Hurt,D,49,1,7,8,23,6,--,--,--,--,--,MI: Oakland Township,18
508,Kaden Aucoin,D,61,2,5,7,72,-24,--,--,--,--,--,IL: Hinsdale,16
509,Kalib Capecci,D,14,0,6,6,2,4,--,--,--,--,--,NJ: Monroeville,18
510,Carson Hall,L,53,3,2,5,47,-1,--,--,--,--,--,ONT: Newcastle,19
511,Kase Kamzik 5,R,19,1,4,5,8,-8,--,--,--,--,--,PA: Johnstown,17
512,Hunter Solomon 6,D,34,2,2,4,25,-9,--,--,--,--,--,ONT: Guelph,17
513,Patrick Quinlan,G,48,0,4,4,4,0,--,--,--,--,--,MI: Plymouth,18
514,Sarvir Jaworski,L,16,1,1,2,2,2,--,--,--,--,--,IA: Pella,16
515,Ryder Simpson,L,14,1,0,1,2,-2,--,--,--,--,--,ONT: Guelph,17
516,Dallys Hibbert,D,3,0,1,1,2,1,--,--,--,--,--,ONT: Markham,19
517,Myles Dunn,F,3,0,1,1,0,1,--,--,--,--,--,ONT: Lambeth,16
518,Olivier Romain,D,7,0,1,1,4,-3,--,--,--,--,--,ONT: Brampton,18
519,Shane Neusteter,D,1,0,0,0,0,-2,--,--,--,--,--,ONT: Aylmer,17
520,Dylan Luecke,R,1,0,0,0,0,-2,--,--,--,--,--,MO: St. Louis,18
521,Cole Willard,D,2,0,0,0,0,-1,--,--,--,--,--,ONT: Hamilton,15
522,Cole Edmundson,F,2,0,0,0,0,0,--,--,--,--,--,ONT: London,17
523,Ruslan Karimov,R,3,0,0,0,0,-1,--,--,--,--,--,Russia: Almetyevsk,18
524,Carter Kostuch 7,L,4,0,0,0,2,-4,--,--,--,--,--,ONT: Richmond Hill,18
525,Charlie Larocque 8,G,4,0,0,0,0,0,--,--,--,--,--,ONT: Kanata,18
526,Chase Sewell,D,7,0,0,0,0,-2,--,--,--,--,--,ONT: Aylmer,15
527,Evan Maillet,G,15,0,0,0,0,0,--,--,--,--,--,ONT: Mississauga,19
528,Kale Osipenko,G,15,0,0,0,0,0,--,--,--,--,--,ONT: Renfrew,16
529,Kieran Witkowski,L,62,14,20,34,19,-16,--,--,--,--,--,ONT: Toronto,18
530,Julian Demiglio,C,67,14,16,30,60,-22,--,--,--,--,--,ONT: Concord,19
531,Mason Zebeski 1,L,38,13,15,28,37,-4,--,--,--,--,--,ONT: Oakville,19
532,Gabriel Chiarot 2,R,31,15,10,25,36,5,--,--,--,--,--,ONT: Hamilton,18
533,Keaton Ardagh,R,64,14,11,25,4,-19,--,--,--,--,--,ONT: Clarington,16
534,Parker Von Richter 1,D,38,4,21,25,26,2,--,--,--,--,--,ONT: Mississauga,19
535,Troy Patton,C,65,10,14,24,96,-11,--,--,--,--,--,ONT: Mulmur,17
536,Jakub Fibigr 3,D,27,8,16,24,8,13,--,--,--,--,--,Czech Rep.: Sternberk,19
537,Matej Stankoven,C,63,11,12,23,22,-23,--,--,--,--,--,: Bratislava,17
538,"Joshua AveryTo Guelph""> 4",C,31,8,10,18,6,-3,--,--,--,--,--,ONT: Uxbridge,18
539,Justin Bottineau,R,63,10,6,16,32,-15,--,--,--,--,--,ONT: Burlington,19
540,William Eggleton,L,61,5,10,15,39,-17,--,--,--,--,--,ONT: Mississauga,19
541,Peter Green,D,59,2,11,13,74,-14,--,--,--,--,--,ONT: Toronto,16
542,MacGregor Richmond,R,57,5,7,12,8,-12,--,--,--,--,--,ONT: Richmond Hill,19
543,Zach Nyman,D,34,3,9,12,10,-28,--,--,--,--,--,ONT: Toronto,17
544,Manuel Amado,C,59,3,9,12,55,-9,--,--,--,--,--,ONT: London,17
545,Carter Hicks 5,D,27,2,10,12,10,-14,--,--,--,--,--,ONT: London,17
546,David Green,D,48,3,7,10,25,-5,--,--,--,--,--,ONT: Toronto,19
547,Mason Roy 6,D,28,4,5,9,24,-15,--,--,--,--,--,ONT: Campbellville,17
548,Nathan Amidovski 7,L,23,3,5,8,8,-12,--,--,--,--,--,ONT: Alliston,17
549,Sean Goyette,D,29,1,7,8,10,-5,--,--,--,--,--,ONT: Hawkesbury,17
550,Owen Cartwright,D,47,3,4,7,23,-11,--,--,--,--,--,ONT: Holland Landing,17
551,Reed Gee,D,54,0,5,5,106,-22,--,--,--,--,--,ONT: Kingston,19
552,Ty Daniels,L,48,2,1,3,17,-8,--,--,--,--,--,ONT: Grimsby,17
553,Thomas Kuipers,F,5,1,2,3,8,1,--,--,--,--,--,ONT: Carrying Place,19
554,Jaxon Williams 7,R,25,0,3,3,8,-3,--,--,--,--,--,NC: Cary,17
555,Lucas Demiglio,L,7,2,0,2,4,2,--,--,--,--,--,ONT: Richmond Hill,16
556,Luke Dragusica,D,15,0,2,2,37,-8,--,--,--,--,--,ONT: Stoney Creek,18
557,Sam Black 8,F,23,0,2,2,21,-3,--,--,--,--,--,ONT: Fergus,18
558,Quinn Patton,L,1,1,0,1,0,1,--,--,--,--,--,ONT: Mulmur,15
559,Kieran Riley,D,2,1,0,1,4,1,--,--,--,--,--,ONT: King City,18
560,Jack Yates,F,5,1,0,1,2,1,--,--,--,--,--,ONT: Gloucester,17
561,Lachlan Larmand,R,12,0,1,1,0,-3,--,--,--,--,--,ONT: Tiny,16
562,Anthony Paolini,G,1,0,0,0,0,0,--,--,--,--,--,ONT: Cookstown,19
563,Jacob Bultje,R,1,0,0,0,2,0,--,--,--,--,--,ONT: Toronto,17
564,Peter Chlebowski,G,4,0,0,0,0,0,--,--,--,--,--,IL: Rosemont,16
565,Jared Harding,D,5,0,0,0,8,-1,--,--,--,--,--,ONT: Toronto,17
566,Luke Johnson,G,22,0,0,0,0,0,--,--,--,--,--,IL: Evanston,16
567,Zachary Bowen,G,47,0,0,0,2,0,--,--,--,--,--,ONT: Ottawa,20
568,Owen Griffin,C,66,25,42,67,54,-28,--,--,--,--,--,ONT: Markham,18
569,Luke Posthumus,F,67,23,34,57,14,-17,--,--,--,--,--,ONT: Ottawa,20
570,Harrison Franssen,C,64,24,18,42,63,-17,--,--,--,--,--,ONT: London,19
571,Brooks Rogowski,C,46,15,27,42,17,-24,--,--,--,--,--,MI: Brighton,17
572,Onni Kalto,L,62,21,8,29,14,-25,--,--,--,--,--,Finland: Vantaa,18
573,Lucas Moore 1,D,52,9,19,28,40,-13,--,--,--,--,--,ONT: Peterborough,20
574,Vadim Smirnov,L,61,10,11,21,8,-10,--,--,--,--,--,Russia: Moscow,17
575,Porter Byrd-Leitner,L,48,8,11,19,22,-14,--,--,--,--,--,NJ: Moorestown,19
576,Aiden O'Donnell 1,L,31,7,10,17,8,-13,--,--,--,--,--,NS: Cole Harbour,17
577,Anthony Figliomeni,F,55,6,7,13,60,-6,--,--,--,--,--,ONT: Mississauga,16
578,Haoxi Wang 2,D,28,2,11,13,22,-25,--,--,--,--,--,China: Beijing,18
579,Leo Laschon,D,50,2,11,13,22,-2,--,--,--,--,--,PA: Pittsburgh,17
580,Brady Blaseg,D,64,2,11,13,25,-43,--,--,--,--,--,ONT: Kanata,17
581,Sam Roberts,R,55,4,5,9,27,-17,--,--,--,--,--,ONT: Aurora,16
582,Ben Cormier,C,51,3,6,9,16,-23,--,--,--,--,--,ONT: Ottawa,19
583,Colin Feeley,D,55,0,8,8,35,-24,--,--,--,--,--,NJ: Wyckoff,17
584,Rowen Sang,L,59,5,2,7,8,-17,--,--,--,--,--,ONT: Oakville,17
585,Jalen Lobo,L,27,2,5,7,18,-4,--,--,--,--,--,ONT: Milton,17
586,Anthony Timmerman,D,52,2,5,7,10,-27,--,--,--,--,--,MI: Rochester,15
587,Brady Murnane,D,55,1,6,7,47,-14,--,--,--,--,--,NY: Clifton Park,17
588,Zackary Sandhu 3,D,11,0,5,5,25,-2,--,--,--,--,--,ONT: Toronto,19
589,Lucas Teixeira,F,28,2,2,4,19,-16,--,--,--,--,--,ONT: Toronto,18
590,Ben Danford 3,D,8,1,3,4,5,-10,--,--,--,--,--,ONT: Belleville,19
591,Artem Frolov 4,D,25,0,4,4,13,-4,--,--,--,--,--,Russia: Volgograd,18
592,Matthew Wang 5,L,22,2,1,3,13,-13,--,--,--,--,--,ONT: London,20
593,Charlie Hilton 6,L,41,0,3,3,48,-14,--,--,--,--,--,ONT: Oshawa,18
594,Tyler Hinde,F,14,1,1,2,4,-11,--,--,--,--,--,ONT: Vaughan,16
595,Luca Diplacido,D,9,0,1,1,4,-3,--,--,--,--,--,ONT: Richmond Hill,16
596,Isaac Gravelle,G,10,0,1,1,0,0,--,--,--,--,--,ONT: Fenwick,18
597,Matthew Humphries 4,G,24,0,1,1,4,0,--,--,--,--,--,ONT: Newmarket,17
598,Reid Thomas,G,1,0,0,0,0,0,--,--,--,--,--,ONT: Oshawa,18
599,Brennan Huyck,R,6,0,0,0,0,-2,--,--,--,--,--,MI: Gaylord,17
600,Ethan Toms,C,12,0,0,0,11,-7,--,--,--,--,--,ONT: Norwood,19
601,Jaden Cholette,G,43,0,0,0,2,0,--,--,--,--,--,ONT: Gloucester,19
602,Tommy Bleyl,D,63,13,68,81,33,58,21,6,22,28,6,NY: Schenectady,17
603,Caleb Desnoyers,C,45,22,56,78,36,36,21,7,18,25,16,PQ: Saint-Hyacinthe,18
604,Gabe Smith,C,60,34,43,77,49,44,21,19,14,33,12,NB: St. Andrews,19
605,Niko Tournas,R,64,43,31,74,44,22,21,6,12,18,8,CT: Redding,19
606,Teddy Mutryn,C,54,31,37,68,62,25,21,10,20,30,14,MA: Norwell,18
607,Alex Mercier,R,63,27,36,63,40,35,21,8,3,11,15,PQ: Sainte-Foy,19
608,Kuzma Voronin,L,58,25,35,60,71,35,21,7,12,19,12,Russia: Yaroslav,19
609,Simon Binkley,L,60,18,25,43,38,18,21,2,1,3,2,AK: Fairbanks,19
610,Preston Lounsbury,C,64,20,22,42,12,14,21,4,11,15,4,NB: Moncton,20
611,Rian Chudzinski,R,54,21,17,38,71,30,21,6,11,17,26,MA: Needham,17
612,Adam Fortier-Gendron,D,64,6,32,38,18,64,21,1,4,5,0,PQ: Repentigny,19
613,Gavin Cornforth,R,29,12,18,30,6,22,21,9,4,13,4,MA: Boston,18
614,Evan Depatie 1,D,32,5,18,23,16,17,21,4,4,8,12,PQ: Granby,19
615,Matthew Virgilio,D,62,4,15,19,50,19,16,0,5,5,4,ONT: Vaughan,19
616,Max Vilen 2,D,27,1,12,13,13,11,21,3,9,12,0,Sweden: Hammarlov,19
617,Eerik Wallenius,D,56,2,10,12,73,22,21,1,9,10,8,Finland: Salo,19
618,Grayden Robertson-Palmer,C,55,6,5,11,14,2,6,0,0,0,0,NB: St. Andrews,18
619,Aiden Diamond,D,33,0,10,10,22,4,6,0,0,0,0,PEI: Stratford,19
620,Carl-Otto Magnusson 3,D,31,1,7,8,21,3,--,--,--,--,--,Sweden: Onsala,19
621,Riley Sampson,C,58,2,4,6,43,-1,20,0,3,3,2,ALTA: High River,19
622,Liam Bursaw,C,16,4,1,5,12,3,15,1,1,2,4,SASK: Warman,18
623,Jackson Batchilder,D,27,0,4,4,6,3,--,--,--,--,--,PEI: Stratford,17
624,Marc MacPhee,C,5,0,2,2,0,1,--,--,--,--,--,NB: Moncton,16
625,Spencer Thornborough,L,41,0,2,2,8,0,--,--,--,--,--,MA: Boxford,17
626,Noah Survilas,R,2,0,1,1,0,1,--,--,--,--,--,MA: Winthrop,16
627,Rudy Guimond,G,50,0,1,1,4,0,21,0,1,1,0,PQ: Pointe-Claire,20
628,Jacob Wingfield,F,1,0,0,0,0,0,--,--,--,--,--,BC: Halfmoon Bay,19
629,Dylan MacKinnon 4,D,2,0,0,0,2,1,--,--,--,--,--,NB: Riverview,20
630,Danny Buckley,L,6,0,0,0,0,-1,--,--,--,--,--,RI: Warwick,19
631,Dominik Necak 5,D,6,0,0,0,2,-1,--,--,--,--,--,PQ: Mirabel,17
632,Victor Morrissette-Richer,C,14,0,0,0,2,-2,--,--,--,--,--,PQ: Outremont,17
633,Jacoby Weiner,G,17,0,0,0,0,0,1,0,0,0,0,CT: Riverside City,17
634,Maxim Masse,R,63,51,51,102,40,62,20,6,18,24,6,PQ: Rimouski,19
635,Thomas Desruisseaux,C,58,24,52,76,36,51,20,3,10,13,10,PQ: Levis,19
636,Alex Huang,D,62,11,59,70,14,58,20,2,17,19,4,PQ: Rosemere,18
637,Emmanuel Vermette,L,64,27,42,69,24,53,20,10,7,17,6,PQ: Quebec,20
638,Emile Guite,L,59,32,33,65,20,39,20,8,6,14,10,PQ: Chambly,18
639,Nathan Lecompte,C,61,27,36,63,20,21,20,7,13,20,4,PQ: Chateauguay,18
640,Maxim Schafer,R,53,21,28,49,28,17,8,1,2,3,2,Germany: Nuremberg,18
641,Peteris Bulans,D,62,12,28,40,12,42,20,7,8,15,2,Latvia: Dzelzava,20
642,Emile Ricard,L,51,11,26,37,30,22,19,2,4,6,9,PQ: Drummondville,17
643,Christophe Berthelot,R,64,15,19,34,26,13,20,3,6,9,4,PQ: Saint-Eustache,19
644,Jordan Tourigny 1,D,29,8,24,32,24,33,20,8,8,16,10,PQ: Victoriaville,20
645,Liam Lefebvre 2,C,25,17,13,30,40,9,20,5,7,12,28,PQ: Montreal,18
646,Mavrick Lachance 3,C,32,13,17,30,18,28,20,10,13,23,12,PQ: Lac-Megantic,19
647,Alonso Gosselin,D,64,7,21,28,36,44,20,2,5,7,12,PQ: Verdun,18
648,Anton Linde,L,47,10,17,27,19,11,20,3,7,10,16,Denmark: Rodovre,19
649,Tomas Lavoie 4,D,32,5,21,26,18,31,20,3,10,13,10,PQ: Repentigny,19
650,Alexandre Desmarais,D,51,7,10,17,27,17,5,0,0,0,4,PQ: Saint-Thomas-de-Joli,19
651,Alexis Toussaint,C,54,5,12,17,19,14,20,2,2,4,4,NS: Windsor,18
652,Gryphon Bucci,R,49,6,9,15,31,0,8,1,1,2,4,ONT: Sudbury,19
653,Alexis Bernier,D,21,4,8,12,22,17,20,4,3,7,16,PQ: Saint-Hyacinthe,19
654,"Xavier DaigleTo Val d'Or""> 5",D,30,2,10,12,12,17,--,--,--,--,--,PQ: Levis,20
655,Koby Francis,R,28,2,4,6,10,0,--,--,--,--,--,ONT: Ottawa,18
656,Jonathan Prud'homme 6,D,31,0,6,6,49,7,--,--,--,--,--,PQ: Valleyfield,18
657,Korney Korneyev 7,L,2,1,1,2,0,1,--,--,--,--,--,Kazakhstan: Almaty,17
658,Jacob Gomez,L,12,1,1,2,8,4,--,--,--,--,--,PQ: Jonquiere,17
659,Leo-Gabriel Gosselin 8,C,1,0,2,2,0,2,--,--,--,--,--,PQ: Quebec,16
660,Raphael Precourt,G,40,0,2,2,0,0,--,--,--,--,--,PQ: Pont-Rouge,19
661,Philippe Cote,L,1,1,0,1,0,1,--,--,--,--,--,PQ: Chicoutiimi,17
662,Mathias Hernandez 8,G,8,0,1,1,0,0,--,--,--,--,--,PQ: Lavaltrie,18
663,Connor Haynes,F,2,0,0,0,0,-1,--,--,--,--,--,ONT: Sault Ste. Marie,19
664,Owen Mchale,L,2,0,0,0,2,0,--,--,--,--,--,,17
665,Tomas Gagne,G,6,0,0,0,0,0,--,--,--,--,--,PQ: Matane,19
666,Gabriel Anctil,D,6,0,0,0,2,2,--,--,--,--,--,PQ: Saint-Anaclet-de-Les,17
667,Nicklas Numminen,D,7,0,0,0,2,1,--,--,--,--,--,NY: Buffalo,19
668,Derek Savard,C,7,0,0,0,2,5,--,--,--,--,--,PQ: Alma,17
669,Lucas Beckman 9,G,15,0,0,0,0,0,20,0,4,4,0,PQ: Montreal,18
670,Colby Train,D,16,0,0,0,9,-3,--,--,--,--,--,NB: Saint John,19
671,Thomas Verdon,C,64,36,59,95,54,22,17,8,14,22,14,OH: Cleveland,20
672,Samuel Beauchemin,C,64,16,50,66,2,11,17,9,5,14,6,PQ: Saint-Robert,19
673,Lars Steiner,R,44,30,25,55,44,22,17,5,4,9,14,Switzerland: Davos,17
674,Eliot Ogonowski,L,64,18,31,49,24,4,17,7,8,15,2,PQ: Val-d'Or,19
675,Antoine St. Laurent,D,57,10,33,43,17,9,17,2,12,14,4,PQ: Sherbrooke,17
676,Nathan Langlois,L,44,16,22,38,14,8,17,2,8,10,4,PQ: Levis,19
677,Samuel Rheault,L,64,13,18,31,36,-5,17,3,4,7,8,PQ: St-Albert,16
678,Benjamin Brunelle,R,61,18,12,30,40,-10,17,11,8,19,10,PQ: Trois-Rivieres,20
679,Axel Dufresne,D,46,7,21,28,19,10,17,2,6,8,4,PQ: Montreal,20
680,William Vezina,C,63,11,15,26,76,0,17,1,4,5,8,PQ: Quebec,18
681,Alexis Lemire,D,64,3,19,22,49,23,17,0,5,5,0,PQ: Nicolet,19
682,Jayden Pominville,C,35,10,10,20,2,1,16,2,5,7,0,PQ: Repentigny,15
683,Guus Van der Kaaij,D,58,5,15,20,28,13,9,0,1,1,2,Switzerland: St-Moritz,18
684,Charles Laforest,C,54,8,7,15,14,-1,17,4,3,7,2,PQ: Boischatel,18
685,Niko El Khouri,L,55,5,9,14,8,-9,15,0,1,1,4,PQ: Boucherville,17
686,Charlie Benigno,L,39,4,4,8,10,-7,3,1,0,1,2,NS: Halifax,17
687,Jeremy Jarret,C,48,3,4,7,14,-5,17,1,0,1,2,PQ: Amos,17
688,Vladislav Murzov,C,42,3,3,6,14,-10,--,--,--,--,--,Belarus: Novopolotsk,18
689,Brayden Kaldenbach,D,39,0,6,6,47,12,17,1,4,5,20,MN: Apple Valley,19
690,Tristan Langlois,D,38,2,3,5,19,-1,--,--,--,--,--,PQ: Vaudreuil-Dorion,18
691,Jacob Hamel,D,43,1,2,3,6,-8,1,0,0,0,0,PQ: St-Hyacinthe,16
692,Samuel Meloche,G,50,0,2,2,2,0,17,0,0,0,0,PQ: Les Cedres,18
693,Edouard Theriault,D,4,0,1,1,2,-1,2,0,0,0,0,PQ: Repentigny,16
694,Jace Evans,C,20,0,1,1,4,-5,--,--,--,--,--,NS: Dartmouth,16
695,Elliott Duguay,D,27,0,1,1,16,-8,10,0,2,2,2,PQ: Trois-Rivieres,18
696,Tyler Sullivan,D,1,0,0,0,0,0,--,--,--,--,--,NS: Shortt's Lake,16
697,Nathan Marineau,D,3,0,0,0,0,-2,--,--,--,--,--,PQ: Laval,16
698,Charles Boulet,L,4,0,0,0,2,1,--,--,--,--,--,PQ: Rimouski,16
699,Zachary Petit,D,7,0,0,0,2,-2,12,1,2,3,6,PQ: St-Michel,15
700,Alexandre Raymond,G,18,0,0,0,0,0,--,--,--,--,--,PQ: Sherbrooke,17
701,Jesse Allecia,L,64,23,42,65,22,7,5,0,2,2,0,NY: New York,19
702,Renaud Poulin,C,64,26,29,55,59,14,5,2,6,8,6,PQ: Nicolet,18
703,Louis-Felix Bourque,R,54,24,25,49,16,16,5,0,1,1,2,PQ: Quebec,17
704,Maxime Lafond,L,63,13,36,49,32,25,5,0,1,1,0,PQ: Longueuil,19
705,Dylan Dumont,R,62,28,16,44,8,7,5,4,1,5,2,PQ: St-Bruno-de-Montarvi,17
706,Yoan Tasse,C,64,10,28,38,48,6,5,0,0,0,5,PQ: Mirabel,17
707,Maxime-Olivier Drolet,C,64,17,19,36,20,7,5,4,0,4,2,PQ: Quebec,19
708,Owen Keefe,D,63,8,26,34,56,7,5,0,2,2,4,MA: Saugus,19
709,William Dumont,L,64,17,16,33,25,15,4,1,1,2,7,PQ: Saint-Bruno-de-Monta,19
710,Hugo Dufour,L,53,13,14,27,30,25,5,0,0,0,4,PQ: Quebec,18
711,Antoine Boudreau,L,50,9,18,27,14,8,5,0,0,0,4,PQ: Drummondville,19
712,Carter Fogarty,R,33,9,15,24,24,15,4,0,1,1,0,ONT: Sarnia,17
713,Marc-Olivier Beaudry,D,26,7,16,23,6,22,5,0,2,2,2,PQ: St-Jean-sur-Richelie,20
714,Lou Levesque 1,L,25,7,15,22,6,5,5,0,1,1,2,PQ: Saint-Jerome,19
715,David Bosson,R,48,10,9,19,15,5,2,0,0,0,2,Switzerland: Marly,19
716,Matteo Rotondi,D,64,2,17,19,22,31,5,1,0,1,0,NFLD: St. John's,20
717,Filip Kovalcik,D,57,1,17,18,17,11,5,0,2,2,0,Slovakia: Trencin,16
718,Xavier Cormier,D,42,6,11,17,10,16,--,--,--,--,--,NB: Dieppe,16
719,Owen Ronson,D,62,2,12,14,4,9,5,0,1,1,0,ONT: Toronto,18
720,Trent Gates,R,33,6,5,11,4,4,--,--,--,--,--,ONT: Hamilton,17
721,Cooper Campbell,D,40,0,8,8,36,17,5,0,0,0,4,MA: Cohasset,16
722,Thomas Duhamel,R,19,1,6,7,0,7,--,--,--,--,--,AZ: Phoenix,17
723,Yan Gaudreau 2,D,36,1,6,7,23,12,--,--,--,--,--,ONT: Embrun,20
724,Jan Larys,G,38,0,2,2,2,0,5,0,0,0,0,Slovakia: Viktovice,17
725,Jacob Boucher,D,1,0,1,1,0,4,--,--,--,--,--,PQ: St-Joseph-de-Beauce,16
726,Shayle Simons,D,1,0,0,0,2,1,--,--,--,--,--,ONT: Kitchener,18
727,Mathys Fortin,G,10,0,0,0,0,0,1,0,0,0,0,PQ: Lorraine,16
728,Dayton Kitchener 3,G,18,0,0,0,0,0,--,--,--,--,--,ONT: Toronto,17
729,Felix Lacerte,R,62,38,48,86,55,18,10,2,7,9,4,PQ: Trois-Rivieres,19
730,Chad Lygitsakos,L,63,21,38,59,40,31,9,3,5,8,11,PQ: Trois-Rivieres,17
731,Elias Schneider,L,52,23,30,53,18,17,11,3,2,5,2,Germany: Rosenheim,18
732,Jiri Klima,L,50,28,24,52,14,19,11,4,6,10,6,Czech Rep: Suchy Dul,19
733,Vince Elie,C,51,24,28,52,30,10,11,1,3,4,6,PQ: Montreal,20
734,Cole Chandler,C,62,20,32,52,50,15,6,0,2,2,7,NS: Bedford,18
735,Mathieu Plante,D,59,9,26,35,28,23,11,5,5,10,12,PQ: Quebec,18
736,Felix Plamondon,D,64,7,25,32,18,46,11,1,6,7,8,PQ: Saint-Raymond,19
737,Kody Dupuis,C,42,14,16,30,23,17,10,4,0,4,8,PQ: Blainville,19
738,Raoul Boilard 1,C,33,7,16,23,30,1,--,--,--,--,--,PQ: Sherbrooke,19
739,Jordan Tourigny 2,D,28,5,18,23,32,4,--,--,--,--,--,PQ: Victoriaville,20
740,Noah McKinnon,D,42,4,14,18,29,10,1,0,0,0,0,PQ: Quebec,17
741,Olivier Charron,C,28,6,9,15,8,-3,11,3,3,6,16,PQ: Vaudreuil-Dorion,15
742,Julien Lanthier,D,43,3,12,15,39,5,11,1,3,4,0,PQ: Saint-Eustache,19
743,Jordan Forget 3,R,32,3,11,14,21,2,--,--,--,--,--,Switzerland: Penthaz,19
744,Frederic Bergeron,C,42,7,6,13,24,-1,6,1,2,3,20,MN: Woodbury,16
745,Jonathan Prud'homme 4,D,34,1,10,11,41,3,11,0,1,1,14,PQ: Valleyfield,18
746,Louis-Emile Dumais,R,9,5,5,10,0,9,--,--,--,--,--,PQ: Quebec,16
747,Jacob Lachance,L,38,4,6,10,17,-3,4,0,0,0,8,PQ: Shawinigan,19
748,Brogan McNeil 5,R,28,3,5,8,30,0,--,--,--,--,--,BC: Delta,18
749,Miroslav Satan,C,29,2,4,6,14,-5,4,0,0,0,0,NY: East Amherst,19
750,Drew Hockley,D,26,1,5,6,14,1,10,1,0,1,11,NS: Kentville,20
751,Louis-Felix Gagnon,D,30,1,5,6,33,9,9,0,1,1,2,PQ: Baie-St-Paul,17
752,Nathan Ouellet,R,9,3,2,5,0,4,1,0,0,0,0,PQ: La Malbaie,16
753,Dylan Laframboise,R,36,1,4,5,19,-6,11,3,1,4,10,PQ: Mont-Tremblant,17
754,Antoine L'Italien,R,10,2,2,4,2,3,2,0,0,0,0,PQ: Ste-Agathe-des-Monts,17
755,Samuel Boyer 6,L,16,2,2,4,4,3,5,0,0,0,6,PQ: Chateauguay,17
756,Justin Bouchard,D,10,1,3,4,2,-4,2,0,0,0,0,PQ: Pont Rouge,17
757,Mickael Chapdelaine,D,29,1,3,4,14,8,--,--,--,--,--,PQ: St-Paulin,18
758,Maxime Poirier,C,10,2,1,3,8,1,--,--,--,--,--,PQ: Quebec,17
759,Gleb Semenov 7,C,26,0,3,3,4,-10,11,0,1,1,6,Russia: Moscow,18
760,Malik Desrochers,R,9,2,0,2,4,0,9,0,0,0,0,PQ: St-Hyacinthe,16
761,Nathan Wright 8,D,13,1,1,2,4,0,--,--,--,--,--,PQ: Repentigny,17
762,Yoan Carrier,D,4,1,0,1,0,-1,--,--,--,--,--,PQ: Granby,16
763,Ben Radley,D,2,0,1,1,0,0,--,--,--,--,--,ONT: Iroquois,18
764,Luca Scartozzi 9,C,5,0,1,1,0,-1,--,--,--,--,--,PQ: Greenfield Park,17
765,Mathys Fernandez,G,42,0,1,1,0,0,10,0,0,0,0,PQ: Blainville,20
766,Ian Lovett,C,1,0,0,0,2,0,--,--,--,--,--,NS: Halifax,16
767,Ludovic Frechette,D,1,0,0,0,0,0,--,--,--,--,--,PQ: Sherbrooke,16
768,Olivier St. Onge,G,5,0,0,0,0,0,--,--,--,--,--,NB: Edmundston,17
769,Benjamin Corso,D,6,0,0,0,2,-4,--,--,--,--,--,PQ: Levis,16
770,Christian Furuvik,L,12,0,0,0,5,-3,--,--,--,--,--,Sweden: Stockholm,17
771,Philippe Boucher,G,23,0,0,0,2,0,2,0,0,0,0,PQ: Levis,18
772,Nathan Leek,L,63,47,37,84,84,3,5,2,2,4,16,ONT: Alliston,19
773,Ross Campbell,R,51,28,39,67,67,10,7,4,5,9,4,PEI: Souris,19
774,Marcus Kearsey,D,62,15,40,55,20,-7,7,1,3,4,2,NFLD: Deer Lake,19
775,Matthew Butler,C,60,13,38,51,6,-12,7,0,0,0,2,NFLD: St. John's,19
776,Ivan Ryabkin,C,20,13,29,42,44,13,6,4,5,9,20,Russia: Balakovo,18
777,William Shields,R,63,23,15,38,36,-12,7,1,0,1,8,NS: Falmouth,19
778,Anthony Flanagan,C,62,14,16,30,56,-11,7,0,1,1,6,PQ: Blainville,18
779,Owen Conrad,D,61,5,23,28,17,2,7,1,5,6,2,NS: Stellarton,18
780,Brady Peddle,D,62,3,16,19,48,3,7,0,1,1,0,NS: Antigonish,18
781,Jude Herron,R,55,5,12,17,36,0,2,0,0,0,0,MA: Duxbury,17
782,C.J. Watroba,L,52,9,7,16,26,0,4,0,0,0,0,MA: West Springfield,18
783,Alexis Beaulieu,F,30,8,7,15,4,-6,4,0,0,0,4,ONT: Hawkesbury,18
784,Tyler Peddle,L,48,8,7,15,38,-9,7,3,0,3,4,NS: Antigonish,20
785,Antoine Provencher,C,51,7,8,15,6,1,7,1,2,3,0,PQ: Candiac,16
786,Nolan Duskocy,R,63,3,9,12,24,-5,7,0,1,1,0,CT: Elington,17
787,Dylan MacKinnon 1,D,45,1,11,12,23,12,7,0,0,0,4,NB: Riverview,20
788,Nikita Voyaga,D,59,2,8,10,45,-7,7,0,0,0,6,Russia: Moscow,17
789,Jabez Seymour 2,R,36,5,2,7,42,-12,--,--,--,--,--,NFLD: St. John's,18
790,Alexandro Lemieux-Goupil,D,62,0,6,6,35,3,7,0,0,0,0,PQ: St-Georges,17
791,Ryan Staples,C,24,2,3,5,2,-4,7,1,0,1,0,RI: Middletown,19
792,Rowan Walsh,C,37,2,1,3,4,-9,1,0,0,0,0,PEI: Stratford,17
793,Spencer Thompson,D,9,0,3,3,8,1,--,--,--,--,--,ONT: Ottawa,19
794,Anthony Gaudet,C,2,0,2,2,0,1,5,0,0,0,0,NB: St-Igace,19
795,Max Jardine,D,15,0,2,2,13,-4,--,--,--,--,--,NB: Miramichi,20
796,Donald Hickey,G,51,0,2,2,0,0,7,0,0,0,0,NFLD: Conception Bay South,18
797,Juraj Durco 3,L,24,1,0,1,4,0,--,--,--,--,--,Slovakia: Trencin,17
798,Kyle Powers 3,C,2,0,1,1,2,0,--,--,--,--,--,ONT: Ottawa,20
799,Vincent Gladu 4,G,6,0,1,1,0,0,--,--,--,--,--,PQ: Mascouche,18
800,Daniel Chen,D,10,0,1,1,6,-2,--,--,--,--,--,ONT: Thornhill,19
801,Jack Carter,G,10,0,1,1,2,0,--,--,--,--,--,NFLD: St-Phillips,18
802,Hudson Bradley,G,1,0,0,0,0,0,--,--,--,--,--,PEI: Charlottetown,17
803,Aiden MacIsaac,D,23,0,0,0,6,-4,1,0,0,0,0,MA: Andover,18
804,Nathan Quinn,C,58,34,39,73,13,19,11,2,4,6,10,PQ: Napierville,18
805,Maddox Dagenais,C,62,30,32,62,31,0,11,3,3,6,4,PQ: Montreal,17
806,Cal Uens,D,63,13,36,49,54,11,11,3,5,8,12,ONT: Napanee,20
807,Nikita Ovcharov,L,64,17,27,44,47,7,11,3,3,6,4,Russia: Lipetsk,17
808,Xavier Lebel,R,63,15,17,32,25,9,11,2,2,4,6,PQ: Quebec,18
809,Andreas Straka,L,47,10,22,32,45,4,11,0,0,0,12,Slovakia: Spisska Nova Ves,18
810,Mavrick Rousseau-Hamel,L,56,9,18,27,113,10,2,0,0,0,6,PQ: Quebec,19
811,Antoine Dorion,C,41,9,14,23,25,3,11,0,1,1,8,ONT: Orleans,19
812,Mathias Loiselle,C,37,8,15,23,16,10,11,3,3,6,4,PQ: La Malbaie,19
813,Alex Desruisseaux,C,61,7,15,22,30,-3,11,1,4,5,4,PQ: Levis,16
814,Ryan Howard,L,62,9,11,20,91,7,8,0,2,2,12,PQ: Pointe-Claire,17
815,Charles-Antoine Dube,C,63,8,11,19,10,2,11,1,3,4,6,PQ: Quebec,17
816,Etienne Desjardins,D,63,3,16,19,23,19,11,0,0,0,0,PQ: Mirabel,18
817,Egan Beveridge 1,R,27,11,7,18,10,5,10,2,1,3,4,NH: East Kingston,18
818,Alexandre Taillefer,D,28,2,15,17,15,6,--,--,--,--,--,PQ: Richelieu,17
819,Freddy Meyer,D,58,2,15,17,25,-5,11,1,1,2,6,MA: Winchester,17
820,Charlie Morrison,D,41,4,9,13,58,8,10,2,2,4,14,NB: Miramichi,17
821,Thomas Charbonneau,D,48,2,9,11,12,11,11,0,1,1,4,PQ: Laval,16
822,Logan Brennan,D,48,3,5,8,60,7,11,0,1,1,12,MA: Hingham,18
823,Nishaan Parmar,R,16,2,5,7,8,-3,5,0,0,0,0,BC: Surrey,19
824,Eliott Simard,R,12,4,1,5,2,-4,--,--,--,--,--,PQ: Levis,20
825,Josh Brady,D,23,2,3,5,14,-5,1,0,1,1,0,ONT: Peterborough,19
826,Ethan Toms,C,15,1,3,4,2,-1,--,--,--,--,--,ONT: Norwood,19
827,Vladimir Karabaev,R,16,1,3,4,6,2,1,0,0,0,2,Belarus: Grodno,17
828,Louis-Thomas Lapointe,L,5,1,1,2,2,-1,3,0,1,1,2,PQ: St-Augustin-de-Desma,17
829,Nathan Birch,D,11,1,0,1,6,0,--,--,--,--,--,PQ: Kirkland,17
830,Felix Pronovost,C,4,0,1,1,4,0,--,--,--,--,--,PQ: Laval,17
831,Bastien Michaud,D,5,0,1,1,0,0,--,--,--,--,--,PQ: Trois-Rivieres,16
832,Samuel Huot,R,7,0,1,1,0,-2,--,--,--,--,--,PQ: Quebec,16
833,Samuel Fontaine,L,15,0,1,1,4,0,--,--,--,--,--,PQ: Gatineau,18
834,Patrick Deniger,G,30,0,1,1,0,0,10,0,0,0,0,PQ: Montreal,16
835,Emrik Drolet,D,1,0,0,0,0,-1,--,--,--,--,--,PQ: Quebec,17
836,Nathan St. Pierre 2,G,1,0,0,0,0,0,--,--,--,--,--,PQ: Montreal,19
837,Timothy Dubuc,G,1,0,0,0,0,0,--,--,--,--,--,PQ: Nicolet,15
838,Colin Boulianne,C,1,0,0,0,0,0,--,--,--,--,--,PQ: Rouyn-Noranda,17
839,Felix Vachon,L,1,0,0,0,0,0,--,--,--,--,--,PQ: Quebec,15
840,Jayden Rousseau,C,3,0,0,0,2,-3,1,0,0,0,0,PQ: Montreal,17
841,Nathan Wright 3,D,3,0,0,0,4,-2,--,--,--,--,--,PQ: Repentigny,17
842,Jamal Napon,L,4,0,0,0,4,0,--,--,--,--,--,PQ: Montreal,18
843,Alex Bernier,L,4,0,0,0,4,-1,3,0,0,0,0,PQ: Ste-Foy,18
844,Andrew Waugh,C,17,0,0,0,2,-6,--,--,--,--,--,MA: Norwell,19
845,Louis-Antoine Denault 4,G,17,0,0,0,4,0,--,--,--,--,--,PQ: Quebec,18
846,Benjamin Lelievre,G,21,0,0,0,0,0,1,0,0,0,0,PQ: St-Philippe-de-la-Pr,18
847,Louis-Alex Tremblay,D,64,14,45,59,38,-7,7,1,3,4,8,PQ: La Malbaie,18
848,Thomas Rousseau,C,60,22,30,52,58,5,7,1,5,6,12,PQ: St-Eustache,17
849,Ilya Kolmakov,L,62,13,35,48,24,-6,7,1,6,7,4,Russia: Perm,16
850,Jayden Plouffe,L,60,17,25,42,33,-2,7,3,2,5,8,PQ: Terrebonne,17
851,Florent Houle,R,52,19,22,41,93,-6,7,5,1,6,24,PQ: Maria,18
852,Olivier Dubois,L,46,17,16,33,39,-2,4,1,0,1,4,PQ: Levis,20
853,Chad Bellemare,R,43,15,12,27,6,10,7,3,2,5,2,PQ: Blainville,19
854,Mavrick Lachance 1,C,29,10,17,27,21,-6,--,--,--,--,--,PQ: Lac-Megantic,19
855,Robin Benoit 2,C,35,12,12,24,4,-23,--,--,--,--,--,PQ: St-Felicien,18
856,Brandon Delarosbil,D,60,8,14,22,20,2,7,0,0,0,0,PQ: St-Lambert,17
857,Loic Poirier,L,61,9,12,21,26,4,7,2,1,3,0,PQ: Trois-Rivieres,17
858,Jean-Felix Lapointe,D,62,5,13,18,39,-10,7,1,1,2,4,PQ: St-Augustin-de-Desma,20
859,Sydney Gagnon,D,64,5,13,18,61,-1,7,0,5,5,4,PQ: Jonquiere,18
860,Brogan McNeil 3,R,30,8,5,13,46,-10,7,2,3,5,4,BC: Delta,18
861,Eloi Bourdeau,D,64,3,10,13,81,-3,7,0,1,1,6,PQ: Sherbrooke,20
862,Martins Klaucans,L,50,4,7,11,19,-2,2,0,0,0,0,Latvia: Riga,17
863,Samuel Rochon,L,29,7,3,10,16,3,--,--,--,--,--,PQ: St-Augustin-de-Desma,17
864,Eloi Benard,C,32,2,8,10,18,-4,7,1,0,1,4,PQ: Trois-Rivieres,16
865,Olivier Lampron,R,22,3,6,9,43,1,7,1,3,4,11,PQ: St-Jerome,18
866,Etienne Giroux,C,31,3,6,9,9,6,7,1,4,5,4,PQ: Mercier,19
867,Cameron Haye,C,52,3,6,9,23,-6,7,0,0,0,4,NFLD: St.John's,16
868,Felix Ouellet,R,22,3,2,5,10,-6,--,--,--,--,--,PQ: Trois-Rivieres,19
869,Peter Fagan,D,24,2,3,5,39,5,6,0,2,2,11,ONT: Brampton,18
870,Zakary Gagnon,D,44,0,5,5,6,-4,1,0,0,0,0,PQ: Granby,18
871,Olivier Boutin,L,23,0,3,3,15,-2,--,--,--,--,--,PQ: Magog,17
872,Reinis Auzins,D,23,0,2,2,4,1,--,--,--,--,--,Latvia: Riga,18
873,Emrick Nolette-Robidoux,R,3,1,0,1,2,-1,1,0,0,0,0,PQ: Vercheres,16
874,Dylan Caron,D,1,0,1,1,0,-1,--,--,--,--,--,PQ: Victoriaville,17
875,Kyan Labbe,G,45,0,1,1,4,0,7,0,0,0,0,PQ: Sherbrooke,18
876,Thomas Prevost,D,1,0,0,0,0,0,--,--,--,--,--,PQ: Chateauguay,17
877,Raphael Dupre,R,1,0,0,0,0,1,--,--,--,--,--,PQ: Repentigny,16
878,Alexis Doucet,R,2,0,0,0,2,0,--,--,--,--,--,PQ: Trois-Rivieres,19
879,Parker Stockseth,G,6,0,0,0,0,0,--,--,--,--,--,MA: Blandford,16
880,Justin Brisebois,G,18,0,0,0,0,0,--,--,--,--,--,PQ: Greenfield Park,18
881,Lewis Gendron,C,62,15,41,56,22,8,6,4,2,6,0,PQ: Sherbrooke,19
882,Reece Peitzsche,L,64,26,21,47,16,9,6,2,2,4,2,NS: Beaver Bank,18
883,Romain Litalien,R,52,17,30,47,33,7,--,--,--,--,--,PQ: Amqui,17
884,Eliot Litalien,C,49,16,18,34,28,-13,4,0,2,2,2,PQ: Amqui,19
885,Lucas Romeo,R,61,16,16,32,86,-1,6,0,1,1,15,ONT: Oakville,20
886,Maxime Sauthier,C,64,13,13,26,34,-1,6,3,1,4,8,Switzerland: Sion,17
887,Noah Jettelson,D,64,4,22,26,20,6,6,0,7,7,0,NY: Mount Kisco,19
888,Adam Klaus,R,59,8,16,24,20,-4,6,0,0,0,2,Czechia: Kladno,17
889,Tomas Lavoie 1,D,24,5,16,21,16,3,--,--,--,--,--,PQ: Repentigny,19
890,Raoul Boilard 2,C,28,9,5,14,29,-7,6,4,4,8,4,PQ: Sherbrooke,19
891,Jacob Hartlin,R,61,7,7,14,14,-10,6,0,2,2,2,NS: Halifax,17
892,Aiden McCullough,D,58,3,10,13,46,-8,6,0,3,3,6,NB: Saint John,18
893,Jacob De Ladurantaye,D,57,2,9,11,10,5,6,0,0,0,4,PQ: Gatineau,17
894,Caden Kelly,R,41,5,5,10,30,-3,6,1,0,1,4,ONT: Mississauga,19
895,Hugo Charron,L,48,4,5,9,51,-4,6,0,0,0,6,PQ: Montreal,17
896,Jack Brauti,D,19,1,8,9,22,0,--,--,--,--,--,ONT: Thornhill,19
897,Will Murphy,D,38,4,4,8,51,6,--,--,--,--,--,PEI: Miscouche,18
898,Rory Pilling,L,51,3,5,8,6,-6,2,0,0,0,0,NS: Glace Bay,18
899,Derek Andrews,C,44,2,6,8,6,-4,6,2,1,3,0,PEI: Hunter River,17
900,Brady Flynn 3,D,33,0,8,8,10,-3,6,0,1,1,2,OH: Columbus,19
901,Blake Burke,L,20,0,7,7,2,-3,--,--,--,--,--,CT: Trumbull,19
902,Sam Rocca,R,19,3,2,5,2,-10,--,--,--,--,--,NB: French Lake,18
903,Felix Hamel,G,38,0,4,4,9,0,5,0,0,0,0,PQ: Trois-Rivieres,20
904,Samuel Kupec,D,55,0,4,4,30,-18,6,0,1,1,12,Slovakia: Michalovce,19
905,Samuel Boyer 4,L,15,2,0,2,2,-9,--,--,--,--,--,PQ: Chateauguay,17
906,Olivier Laverdiere 3,L,17,2,0,2,11,-5,4,0,2,2,2,PQ: Quebec,18
907,Nicholas Holomego,D,18,0,2,2,8,-4,2,0,0,0,0,ONT: Thunder Bay,19
908,Xavier Daigle 1,D,2,1,0,1,0,1,--,--,--,--,--,PQ: Levis,20
909,Logan Quinn,D,6,0,1,1,2,0,--,--,--,--,--,NS: Truro,18
910,Sam Berthiaume,G,1,0,0,0,0,0,--,--,--,--,--,NS: Stellarton,15
911,Noah Levy,D,1,0,0,0,0,1,--,--,--,--,--,PQ: Laval,15
912,Mason Cook,D,2,0,0,0,0,-1,--,--,--,--,--,ONT: Huntsville,17
913,Jax Ginnish,D,4,0,0,0,2,-3,--,--,--,--,--,NS: Membertou,16
914,William Dube,D,6,0,0,0,2,-7,6,0,0,0,2,PQ: Rimouski,16
915,Braeden Van Gelder,D,7,0,0,0,4,-1,--,--,--,--,--,ONT: Toronto,18
916,Connor Towle,G,29,0,0,0,2,0,2,0,0,0,0,CT: Fairfield,19
917,Oleg Kulebiakin,R,64,29,44,73,30,-9,4,0,2,2,7,Russia: St. Petersburg,17
918,Shawn Carrier,L,61,37,28,65,75,-22,4,0,2,2,4,PQ: Trois-Rivieres,18
919,Quinn Kennedy,C,61,31,25,56,50,-28,4,3,0,3,6,NS: Upper Tantallon,19
920,Owen Phillips,D,64,6,35,41,18,-11,4,0,0,0,4,NS: Hammonds Plains,19
921,Liam Kilfoil,C,56,14,25,39,10,-2,4,0,1,1,0,NB: Quispamsis,18
922,Jasu Mensonen,L,64,9,24,33,18,-1,2,0,1,1,4,Finland: Imatra,18
923,Daniel Walters,C,63,15,15,30,110,-14,4,1,0,1,12,NS: Halifax,17
924,Caylen Blake,L,58,12,15,27,40,-16,4,0,1,1,6,NFLD: Corner Brook,17
925,Samuel Rousseau,L,34,14,12,26,34,-12,4,0,1,1,9,PQ: Saint-Eustache,20
926,Connor MacPherson,R,64,12,14,26,47,-5,4,0,0,0,0,ONT: Windsor,20
927,Malik L'Italien,D,64,4,20,24,28,-13,4,0,0,0,0,PQ: Montreal,16
928,Carlos Handel,D,44,3,19,22,30,-20,--,--,--,--,--,Germany: Erlangen,18
929,Eddy Doyle,D,59,2,16,18,16,-11,4,0,0,0,2,PEI: Tignish,17
930,Amelio Santini,R,63,6,6,12,12,-9,4,0,0,0,0,PQ: Cote-Saint-Luc,17
931,William Bent,R,37,4,7,11,2,-21,--,--,--,--,--,MA: Dover,17
932,Cameron Minella,D,64,3,6,9,10,-10,4,0,0,0,0,CT: Darien,16
933,Patrick McNab,C,60,3,4,7,16,-21,4,0,0,0,2,PQ: Beaconsfield,18
934,Lincoln Waugh,D,27,2,5,7,15,-4,4,0,0,0,0,PEI: Summerside,19
935,Paulo Gualberto,C,40,2,5,7,8,-8,4,0,0,0,0,MA: Barnstable,16
936,Brendan Espenell,D,27,0,5,5,16,-11,4,0,0,0,2,MAN: Winnipeg,18
937,Mathieu Taillefer 1,D,21,1,3,4,22,8,--,--,--,--,--,ALTA: Lake Newell,19
938,Antoine Fontaine,R,19,1,0,1,0,-9,--,--,--,--,--,PQ: Granby,19
939,Sam Madgett,G,--,--,--,--,--,--,1,0,0,0,0,NS: Stillwater Lake,18
940,Jordan Shaw,R,1,0,0,0,2,0,--,--,--,--,--,PEI: Coleman,18
941,Ryan Fletcher,D,2,0,0,0,0,0,2,0,0,0,0,NS: Brookfield,19
942,Alec Nasreddine,L,5,0,0,0,0,2,--,--,--,--,--,NJ: Mountainside,18
943,Cole MacLeod,C,6,0,0,0,0,-3,--,--,--,--,--,NS: Porters Lake,17
944,Justin Chiras,D,23,0,0,0,4,-12,--,--,--,--,--,NH: Bedford,18
945,Nicolas Cirka,G,27,0,0,0,0,0,2,0,0,0,0,PQ: Westmount,17
946,Owen Bresson,G,41,0,0,0,11,0,2,0,0,0,0,NS: Dominion,18
947,Philippe Veilleux,L,64,43,53,96,10,-11,9,5,4,9,2,PQ: St-Bruno de Mortarvi,18
948,Maxime Coursol,R,51,25,44,69,34,-4,9,4,6,10,6,PQ: Mirabel,20
949,Nathan Brisson,L,50,20,44,64,73,7,9,4,5,9,6,PQ: Saint-Eustache,18
950,Benjamin Cossette Ayotte,D,62,4,34,38,34,-15,--,--,--,--,--,PQ: Trois-Rivieres,17
951,Jeremy Leroux,R,62,12,22,34,24,-10,9,1,2,3,2,PQ: Laval,19
952,Alix Durocher,C,35,13,18,31,22,-18,9,3,6,9,14,PQ: Drummondville,19
953,Benjamin Olivier,C,63,10,20,30,18,-15,9,1,2,3,0,PQ: St-Jean-sur-Richelie,17
954,Anthony Pare,D,64,6,24,30,24,-25,9,1,2,3,5,PQ: Rimouski,19
955,Louis-Charles Plourde 1,L,32,12,15,27,14,-6,9,4,5,9,6,PQ: Val-des-Sources,20
956,Samuel Fiala,R,29,12,11,23,25,-10,--,--,--,--,--,Czech Rep.: Prostejov,20
957,Jordan Labelle,L,62,13,7,20,39,-23,9,1,1,2,2,PQ: Mont-Tremblant,18
958,Josh Demers,L,62,9,10,19,22,-4,9,0,0,0,0,PQ: Levis,17
959,Mathias Bourque,C,56,9,9,18,85,-5,9,0,1,1,11,PQ: Amos,18
960,Hemrick Carbonneau,D,59,5,8,13,27,5,9,0,3,3,0,PQ: Saint-Lazare,18
961,Xavier Daigle 2,D,20,5,7,12,6,0,9,1,5,6,2,PQ: Levis,20
962,Alexis Fortin,D,63,4,5,9,28,-10,9,1,2,3,2,PQ: St-Charles-Borromee,17
963,Esteban Cinq-Mars,D,32,0,9,9,10,-3,9,1,2,3,8,PQ: Longueuil,19
964,Jacob Gouchie,D,45,2,6,8,77,-5,9,0,2,2,12,NB: Moncton,17
965,Sheldon Rioux,R,57,2,6,8,31,-8,9,1,0,1,4,PQ: Val d'Or,18
966,Eduard Bondar,D,59,1,6,7,47,-2,1,0,0,0,0,Russia: Nevinnomyssk,18
967,Etienne Maheu,R,26,3,0,3,29,-5,--,--,--,--,--,PQ: Roxton Pond,17
968,Adam Cavallin 3,C,6,1,2,3,6,1,--,--,--,--,--,ONT: Greely,20
969,Evan Sercerchi,C,43,0,3,3,8,-11,8,1,0,1,0,NB: Woodstock,16
970,James Roberts 3,D,23,2,0,2,4,-4,--,--,--,--,--,PQ: Laval,18
971,Mavrik Duhaime,L,10,1,0,1,8,-2,--,--,--,--,--,PQ: Sherbrooke,18
972,Malik Lacroix,C,3,0,1,1,0,-3,--,--,--,--,--,PQ: Rouyn-Noranda,17
973,Vincent Moreau,G,22,0,1,1,0,0,1,0,0,0,0,PQ: St-Jean-sur-Richeli,17
974,Dominic Schnarr,R,3,0,0,0,0,-1,--,--,--,--,--,NB: Woodstock,16
975,Lucas Martin,C,3,0,0,0,0,-1,--,--,--,--,--,PQ: St-Jean-sur-Richelie,17
976,Charles-Antoine Theriault,C,4,0,0,0,0,-2,--,--,--,--,--,PQ: St-Jean-sur-Richelie,15
977,Emile Beaunoyer,G,52,0,0,0,4,0,8,0,1,1,2,PQ: Drummondville,18
978,Olivier Groulx,C,64,20,46,66,24,0,4,1,1,2,0,PQ: St-Lazare,18
979,Alexis Joseph,C,54,24,36,60,38,-16,4,0,3,3,2,PQ: Lachenaie,16
980,Alexander Donovan,R,63,25,28,53,28,3,4,1,1,2,2,CT: Darien,18
981,Angelo Fullerton,L,61,27,19,46,68,-4,4,2,0,2,2,NB: Quispamsis,20
982,Dylan Rozzi,L,64,20,25,45,10,-20,4,0,0,0,0,PQ: Montreal,17
983,Everett Baldwin,D,62,15,29,44,46,-28,4,0,2,2,2,RI: Providence,18
984,Zach Morin,L,63,17,17,34,59,-7,4,2,0,2,6,PQ: Lachenaie,18
985,Olivier Duhamel,D,58,5,21,26,12,-15,4,0,0,0,2,PQ: Longueuil,17
986,William Yared,C,48,10,15,25,24,-19,3,0,0,0,6,PQ: Mont-Royal,17
987,Olivers Murnieks,C,31,7,13,20,14,-23,--,--,--,--,--,Latvia: Riga,17
988,Elliot Dube 1,C,32,7,7,14,10,-2,--,--,--,--,--,PQ: St-Pascal,18
989,Max Vilen 2,D,27,2,12,14,12,-9,--,--,--,--,--,Sweden: Hammarlov,19
990,Matthew Krayer,L,58,6,7,13,8,-21,3,0,0,0,2,MA: Concord,16
991,Nolann Heroux,C,39,3,10,13,4,-18,4,0,0,0,0,PQ: Montreal,16
992,Julien Wasmer,D,63,1,10,11,34,-25,4,0,1,1,4,PQ: Montreal,20
993,Oskar Drabczynski,D,44,2,8,10,2,10,2,0,0,0,0,CT: Easton,17
994,Bo Damphousse 3,D,28,1,9,10,30,-7,4,0,1,1,2,PQ: Baie-D'Urfe,17
995,Jabez Seymour 4,R,24,6,3,9,24,-3,4,0,0,0,4,NFLD: St. John's,18
996,Maxime Cote 5,L,27,4,4,8,17,-4,3,0,0,0,2,PQ: Sherbrooke,20
997,Jacob Beaulieu 1,R,20,4,3,7,27,-3,--,--,--,--,--,PQ: La Pocatiere,19
998,Cameron Chartrand,D,35,2,5,7,8,-3,4,0,1,1,0,PQ: St-Lazare,17
999,Natan Ethier,L,10,2,4,6,6,0,--,--,--,--,--,PQ: Rosemere,20
1000,Patryk Zubek 6,D,29,0,6,6,18,-9,--,--,--,--,--,Poland: Nowy Targ,18
1001,Vincent Croteau,D,41,2,3,5,34,-7,2,0,0,0,0,PQ: St-Jean-sur-Richelie,18
1002,Egan Beveridge 7,R,26,2,2,4,31,-6,--,--,--,--,--,NH: East Kingston,18
1003,Alexis Gauthier,C,38,0,4,4,16,-12,4,0,0,0,2,PQ: Longueuil,18
1004,Justin Gendron 8,R,14,2,0,2,8,-5,--,--,--,--,--,NB: Dieppe,19
1005,Rafael Courchesne,G,38,0,2,2,2,0,2,0,0,0,0,PQ: Chambly,17
1006,Justin Robinson,G,19,0,1,1,0,0,--,--,--,--,--,PQ: Kipawa,19
1007,Jase MacPherson,G,1,0,0,0,0,0,--,--,--,--,--,PEI: Montague,16
1008,Cole Renaud,L,1,0,0,0,0,0,--,--,--,--,--,PQ: Ste-Julie,16
1009,Jesse Dunlap,D,2,0,0,0,0,1,--,--,--,--,--,NB: Quispamsis,16
1010,Arseny Radkov 3,G,17,0,0,0,7,0,3,0,0,0,0,Belarus: Mogilev,18
1011,Carl-Otto Magnusson 9,D,25,0,0,0,24,2,3,0,0,0,2,Sweden: Onsala,19
1012,Egor Shilov,C,63,32,50,82,29,-11,4,2,3,5,2,Russia: Tyumen,17
1013,Alexei Vlasov,L,64,44,36,80,40,-22,4,3,1,4,2,Russia: Chelyabinsk,17
1014,Alexis Bourque,R,57,21,21,42,24,-9,4,0,1,1,2,PQ: Gatineau,20
1015,Enzo Lottin,R,49,17,25,42,26,-24,4,2,4,6,0,PQ: Trois-Rivieres,17
1016,Thomas Paquet,C,58,15,27,42,38,-23,4,1,2,3,0,PQ: Levis,20
1017,Matheo Lepage,D,60,3,34,37,10,-11,4,0,2,2,0,PQ: Ville-Marie,18
1018,Korney Korneyev 1,L,46,10,23,33,25,-17,4,0,3,3,0,Kazakhstan: Almaty,17
1019,Loik Gariepy,C,58,13,16,29,18,-15,4,1,0,1,2,PQ: Ste-Marthe-sur-le-la,16
1020,Simon-Pier Brunet,D,54,2,24,26,61,-11,4,0,0,0,4,PQ: Gatineau,19
1021,Maddox Labre,D,59,1,19,20,38,-34,--,--,--,--,--,PQ: Coteau-du-Lac,18
1022,Brayden Besner 2,F,31,9,9,18,19,-8,4,1,1,2,0,ONT: Casselman,19
1023,Xavier Sabourin,R,59,8,2,10,54,-25,4,0,0,0,4,PQ: Pincourt,17
1024,Jordan Forget 3,R,26,4,6,10,12,-9,4,0,0,0,0,Switzerland: Penthaz,19
1025,Maxime Lambert,C,55,3,7,10,32,-22,4,0,0,0,8,PQ: Thetford Mines,19
1026,Jeremy Belleau,L,35,4,4,8,14,-11,--,--,--,--,--,PQ: Quebec,19
1027,Deryk Lemaire,L,61,3,5,8,16,-26,4,0,0,0,0,PQ: Drummondville,16
1028,Maxime Dodier,D,61,1,4,5,29,-23,4,0,0,0,2,PQ: Thetford Mines,17
1029,Dominik Necak 4,D,31,0,4,4,12,-20,4,0,0,0,0,PQ: Mirabel,17
1030,Arno Delisle,R,50,0,4,4,55,-15,--,--,--,--,--,PQ: St-Ubalde,18
1031,Olivier Laverdiere 5,L,20,1,2,3,18,-6,--,--,--,--,--,PQ: Quebec,18
1032,Nathan Nadeau 6,D,26,1,2,3,32,-4,4,0,0,0,2,ONT: Navan,19
1033,Zakary Savoie,R,30,0,3,3,35,-7,--,--,--,--,--,NFLD: St-John's,17
1034,Brady Flynn 5,D,24,1,1,2,4,-6,--,--,--,--,--,OH: Columbus,19
1035,Cohen Paquet,D,39,1,1,2,45,-15,4,0,0,0,4,PQ: Quebec,16
1036,Anthony Blouin,R,7,0,2,2,2,0,--,--,--,--,--,PQ: La Prairie,18
1037,Alain Bourdeau,D,15,0,1,1,7,-4,--,--,--,--,--,PQ: Gatineau,17
1038,Gabriel D'Aigle,G,39,0,1,1,0,0,4,0,0,0,0,PQ: Sorel-Tracy,18
1039,Felix Langlois,G,1,0,0,0,0,0,--,--,--,--,--,PQ: Quebec,18
1040,Luka Charbonneau,G,1,0,0,0,0,0,--,--,--,--,--,PQ: St-Jean-sur-Richelie,18
1041,Mathys Panneton,D,1,0,0,0,0,-2,--,--,--,--,--,PQ: Terrebonne,17
1042,Louis-Felix Guay,D,2,0,0,0,0,-1,--,--,--,--,--,PQ: Saint-Bruno-de-Monta,15
1043,Theo Gravel,C,3,0,0,0,0,-2,--,--,--,--,--,PQ: Ste-Martine,18
1044,Etienne Dupere,R,4,0,0,0,0,-2,--,--,--,--,--,PQ: Quebec,18
1045,Anthony Catanzariti,G,30,0,0,0,0,0,--,--,--,--,--,PQ: Laval,17
1046,Justin Boisselle,R,63,17,18,35,20,-30,7,0,1,1,2,PQ: Lery,20
1047,Nicholas Petrut,C,61,10,23,33,24,-27,5,0,2,2,0,PQ: Sainte-Foy,18
1048,Maxim Dube,C,61,15,17,32,63,-5,7,2,0,2,8,PQ: Gatineau,17
1049,Gabriel Seguin,C,55,11,11,22,21,-12,7,2,1,3,0,PQ: Salaberry-de-Valleyfield,19
1050,Simon-Xavier Cyr,C,64,9,13,22,37,-8,7,2,0,2,2,PQ: Sherbrooke,17
1051,Jeremie Dumas-Larouche,D,63,5,16,21,49,-35,7,0,4,4,2,PQ: Sherbrooke,20
1052,Louis-Etienne Halley,R,57,7,12,19,8,-21,7,0,2,2,2,PQ: Ste-Therese,16
1053,Maxime Cote 1,L,29,6,11,17,25,-8,--,--,--,--,--,PQ: Sherbrooke,20
1054,Peter Legostaev,C,31,8,8,16,18,-17,--,--,--,--,--,ONT: Ottawa,17
1055,Jan Golicic 2,D,29,1,14,15,24,-15,--,--,--,--,--,Slovenia: Jesenice,19
1056,Giovanni Collin,L,45,5,8,13,39,-15,6,0,0,0,2,PQ: St-Lazare,18
1057,Dylan Allie,C,34,6,6,12,10,-22,7,5,2,7,4,PQ: Gatineau,17
1058,Finn Barton,R,39,5,7,12,14,-1,7,0,1,1,6,ONT: Kinburn,18
1059,Ethan Cox,L,47,5,5,10,4,-7,7,0,0,0,2,MA: Westborough,19
1060,Alex Dagenais,R,48,5,5,10,70,-15,7,2,1,3,2,PQ: Gatineau,16
1061,Justin Blais,D,39,2,8,10,34,-9,7,0,1,1,6,PQ: Port-Daniel,17
1062,Noah Florent,R,35,4,3,7,2,-16,7,1,1,2,0,PQ: Quebec,17
1063,Zakary Horvat-Edouard,C,24,3,4,7,12,-7,--,--,--,--,--,PQ: Montreal,16
1064,Zachary Roussy,D,41,3,4,7,42,-9,--,--,--,--,--,PQ: Chambly,17
1065,Drew McLennan,D,56,0,7,7,20,-7,7,0,2,2,2,ONT: Oshawa,18
1066,Michel Myloserdnyy,D,59,1,5,6,90,-18,7,0,1,1,18,PQ: Boucherville,17
1067,Alexandre Carbonneau 3,D,27,3,2,5,18,-11,7,0,3,3,10,PQ: Saint-Isidore-de-Lap,19
1068,Yan Gaudreau 4,D,28,2,3,5,12,-12,7,0,1,1,4,ONT: Embrun,20
1069,Charles Desmet,R,10,2,0,2,7,0,--,--,--,--,--,PQ: Mirabel,18
1070,Wassim Rabbath,D,18,1,1,2,4,-4,--,--,--,--,--,PQ: St-Hubert,17
1071,Lev Gaponov 5,C,20,1,1,2,4,-4,--,--,--,--,--,Russia: Omsk,17
1072,Nathan Nadeau 6,D,26,1,1,2,32,8,--,--,--,--,--,ONT: Navan,19
1073,Isaiah Parent,R,6,0,1,1,0,-1,--,--,--,--,--,PQ: Montreal,20
1074,Alex Levasseur,C,9,0,1,1,2,-2,--,--,--,--,--,NB: Edmunston,18
1075,Clement Landry,D,11,0,1,1,6,-5,--,--,--,--,--,PQ: Montreal,16
1076,Zackarie Michaud,C,16,0,1,1,0,-5,3,0,0,0,0,NB: Grand Falls,18
1077,Case Hennessy,D,1,0,0,0,0,1,--,--,--,--,--,ONT: Ottawa,16
1078,Maxim Hamel,G,1,0,0,0,0,0,--,--,--,--,--,PQ: Cantley,16
1079,Nathan St. Pierre 7,G,9,0,0,0,0,0,--,--,--,--,--,PQ: Montreal,19
1080,Finn Moffett,G,13,0,0,0,0,0,1,0,0,0,0,ONT: St. Catharines,18
1081,Danai Shaiikov,G,50,0,0,0,6,0,7,0,0,0,2,Kazakhstan: Almaty,18
1082,Mathys Dube,C,64,22,21,43,40,-39,--,--,--,--,--,PQ: Rimouski,18
1083,Luke Patterson,C,62,13,17,30,61,-43,--,--,--,--,--,NB: Moncton,20
1084,Liam Lefebvre 1,C,34,15,14,29,46,-8,--,--,--,--,--,PQ: Montreal,18
1085,Lou Levesque 2,L,34,9,17,26,10,-7,--,--,--,--,--,PQ: Saint-Jerome,19
1086,Emile Duquet,C,62,8,17,25,22,-33,--,--,--,--,--,PQ: Saint-Anselme,20
1087,Evan Depatie 3,D,30,9,12,21,37,-1,--,--,--,--,--,PQ: Granby,19
1088,Luca Nappiot,D,52,5,15,20,36,-30,--,--,--,--,--,Switzerland: St-Imier,18
1089,Thomas Belzil,R,41,8,10,18,12,-15,--,--,--,--,--,PQ: Trois-Rivieres,19
1090,Dovydas Jukna,L,45,8,9,17,39,-24,--,--,--,--,--,Lithuania: Klaipeda,18
1091,Logan Roop,L,62,9,7,16,56,-26,--,--,--,--,--,NS: Brookfield,18
1092,Zack Arsenault,R,58,9,5,14,14,-43,--,--,--,--,--,PQ: Quebec,16
1093,Connor Sturgeon,D,50,3,10,13,53,-24,--,--,--,--,--,NB: Moncton,18
1094,Rafael Cloutier 4,L,27,5,7,12,38,-18,--,--,--,--,--,ONT: Hawkesbury,18
1095,Jack Martin,D,28,5,7,12,13,-4,--,--,--,--,--,NB: Upper Coverdale,20
1096,Alex Masse,L,55,5,7,12,8,-19,--,--,--,--,--,PQ: Rimouski,17
1097,Justin Beaulieu,D,62,3,8,11,16,-41,--,--,--,--,--,PQ: Quebec,16
1098,Benjamin Rioux,D,50,1,10,11,18,-27,--,--,--,--,--,ONT: Ottawa,18
1099,Samuel Thibault,R,50,3,7,10,6,-17,--,--,--,--,--,PQ: Levis,17
1100,Olivier Theberge,D,35,1,9,10,44,-23,--,--,--,--,--,PQ: Quebec,20
1101,Lev Gaponov 5,C,22,2,7,9,16,-18,--,--,--,--,--,Russia: Omsk,17
1102,Oliver Czaja,C,30,2,5,7,6,-4,--,--,--,--,--,CT: Darien,17
1103,Aaron Chipp,L,25,2,4,6,4,-6,--,--,--,--,--,NS: Halifax,17
1104,Anthony Dontigny,C,26,1,5,6,2,-18,--,--,--,--,--,PQ: Shawinigan,17
1105,Charles Genereux,D,17,2,1,3,4,-21,--,--,--,--,--,PQ: Lorraine,16
1106,Malik Bourque-Vigneault,D,6,1,2,3,2,-7,--,--,--,--,--,NB: Dieppe,16
1107,Luka Romaniak,D,25,1,2,3,19,-18,--,--,--,--,--,PQ: L'Ile Bizard,17
1108,Julien Nadeau,D,7,0,3,3,8,-7,--,--,--,--,--,PQ: St-Louis-du-Ha!-Ha!,15
1109,Maxwell Branton,C,33,0,3,3,12,-12,--,--,--,--,--,NFLD: St.John's,16
1110,Raphael Achermann,L,13,0,2,2,4,1,--,--,--,--,--,Switzerland: Fribourg,17
1111,Guillaume Gleason,D,23,0,2,2,4,-9,--,--,--,--,--,PQ: Gatineau,17
1112,Charles-Albert Pouliot,L,4,0,1,1,0,-2,--,--,--,--,--,PQ: St-Georges,17
1113,Owen Kailher,C,6,0,1,1,2,-8,--,--,--,--,--,MA: Boston,16
1114,Mathis Langevin,G,10,0,1,1,0,0,--,--,--,--,--,PQ: Sanit-Zotique,19
1115,William Lacelle 6,G,24,0,1,1,0,0,--,--,--,--,--,PQ: Gatineau,17
1116,Frederik Brisebois,C,1,0,0,0,0,0,--,--,--,--,--,PQ: Longueuil,17
1117,Alexandre Peterson,C,1,0,0,0,0,-2,--,--,--,--,--,NB: Fredericton,17
1118,Jacob St. Cyr,G,2,0,0,0,0,0,--,--,--,--,--,PQ: Shawinigan,17
1119,Justin Vigneault,G,2,0,0,0,2,0,--,--,--,--,--,NB: Moncton,17
1120,Jeremy Turcot,C,2,0,0,0,0,-2,--,--,--,--,--,PQ: Trois-Rivieres,16
1121,Noah Moore,G,9,0,0,0,2,0,--,--,--,--,--,PQ: Chandler,18
1122,Nate Ostridge,D,10,0,0,0,0,-5,--,--,--,--,--,PEI: Stratford,17
1123,Vincent Gladu 7,G,13,0,0,0,0,0,--,--,--,--,--,PQ: Mascouche,18
1124,Dayton Kitchener 8,G,15,0,0,0,0,0,--,--,--,--,--,ONT: Toronto,17
1125,Kyle Powers 1,C,52,15,19,34,68,-24,--,--,--,--,--,ONT: Ottawa,20
1126,Mattias Gilbert,D,64,5,27,32,6,-16,--,--,--,--,--,PQ: St-Bruno-de-Montarvi,19
1127,Adam Cavallin 2,C,47,18,10,28,12,-26,--,--,--,--,--,ONT: Greely,20
1128,Alexis Michaud 3,R,36,10,16,26,10,-15,--,--,--,--,--,PQ: Quebec,19
1129,Jacopo De Luca,C,56,10,15,25,19,-9,--,--,--,--,--,Italy: Aosta,18
1130,Liam Armit,R,60,9,12,21,53,-13,--,--,--,--,--,PQ: Gatineau,16
1131,Shawn Pearson,L,56,8,13,21,89,-22,--,--,--,--,--,PQ: Sherbrooke,20
1132,Kieran Litterick,F,50,10,10,20,20,-30,--,--,--,--,--,ONT: Whitby,19
1133,Gleb Semenov 4,C,38,7,12,19,14,-7,--,--,--,--,--,Russia: Moscow,18
1134,Drew Allison,D,62,2,14,16,41,-21,--,--,--,--,--,NS: Halifax,18
1135,Filip Vlk,L,55,7,7,14,36,-16,--,--,--,--,--,Czechia: Uherske Hradiste,17
1136,Aiden Kirkwood,L,60,2,8,10,28,-26,--,--,--,--,--,PQ: Montreal,17
1137,Robin Benoit 5,C,26,5,4,9,8,-10,--,--,--,--,--,PQ: St-Felicien,18
1138,Samuel Brunet,R,64,2,7,9,51,-38,--,--,--,--,--,PQ: Ste. Marthe,19
1139,Miller Kay,C,28,4,4,8,12,-1,--,--,--,--,--,ONT: Ottawa,19
1140,Biagio Daniele 6,D,28,3,5,8,4,-20,--,--,--,--,--,PQ: Montreal,17
1141,Louis-Charles Plourde 7,L,8,1,7,8,7,-6,--,--,--,--,--,PQ: Val-des-Sources,20
1142,Alexis Mathieu 3,D,31,4,3,7,37,-24,--,--,--,--,--,PQ: Sherbrooke,18
1143,Declan Wotton,L,28,4,2,6,25,-11,--,--,--,--,--,ME: Windsor,16
1144,Joseph Cadorin,L,32,2,4,6,25,-16,--,--,--,--,--,ONT: Kleinburg,18
1145,Zachary Hachey,D,58,3,2,5,28,-17,--,--,--,--,--,PQ: St-Lambert,18
1146,Toby Almstedt,D,19,0,5,5,4,-8,--,--,--,--,--,ONT: Ottawa,17
1147,Justin Gendron 8,R,9,2,2,4,4,-1,--,--,--,--,--,NB: Dieppe,19
1148,Lynden Larsen 6,L,10,2,1,3,13,-3,--,--,--,--,--,PQ: Montreal,17
1149,Matys St. Gelais 6,L,23,2,1,3,21,-10,--,--,--,--,--,PQ: Quebec,16
1150,James Roberts 2,D,24,1,2,3,12,-5,--,--,--,--,--,PQ: Laval,18
1151,William Labranche,R,11,0,3,3,2,-1,--,--,--,--,--,PQ: St-Augustin Desmaure,19
1152,Luca Scartozzi 9,C,4,1,1,2,2,-2,--,--,--,--,--,PQ: Greenfield Park,17
1153,Ryan Dwyer 3,C,15,0,2,2,8,-3,--,--,--,--,--,Sweden: Orebro,18
1154,Aaron Murphy,D,30,0,2,2,12,-10,--,--,--,--,--,NB: Saint-John,17
1155,Thierry Demers,C,4,1,0,1,0,-3,--,--,--,--,--,ONT: Kanata,18
1156,Evan Bellamy,D,5,1,0,1,8,-4,--,--,--,--,--,NB: Hampton,20
1157,Samuel Boisvert,L,3,0,1,1,0,-2,--,--,--,--,--,PQ: Mirabel,19
1158,Sam Caulfield,G,14,0,1,1,11,0,--,--,--,--,--,MA: Needham,19
1159,Maxime Lapointe,D,21,0,1,1,15,-5,--,--,--,--,--,ONT: Ajax,19
1160,Mathias Hernandez 10,G,21,0,1,1,0,0,--,--,--,--,--,PQ: Lavaltrie,18
1161,Joseph Poupart,G,1,0,0,0,0,0,--,--,--,--,--,PQ: Longueuil,16
1162,Alexis Cloutier,G,1,0,0,0,2,0,--,--,--,--,--,PQ: Laval,17
1163,Leo Gauthier,R,2,0,0,0,2,0,--,--,--,--,--,PQ: Montreal,17
1164,Simon Cormier,G,2,0,0,0,0,0,--,--,--,--,--,NB: Dieppe,18
1165,Brody Molloy,C,2,0,0,0,2,-1,--,--,--,--,--,PEI: Stratford,17
1166,Jacob Labranche,D,3,0,0,0,7,-5,--,--,--,--,--,PQ: Quebec,16
1167,Leo-Gabriel Gosselin 10,C,6,0,0,0,0,-2,--,--,--,--,--,PQ: Quebec,16
1168,Justin Giguere,G,7,0,0,0,0,0,--,--,--,--,--,PQ: Chicoutimi,18
1169,Juraj Durco 1,L,10,0,0,0,9,-8,--,--,--,--,--,Slovakia: Trencin,17
1170,Zack Miller,L,12,0,0,0,6,-4,--,--,--,--,--,PQ: Laval,17
1171,Lucas Beckman 11,G,23,0,0,0,2,0,--,--,--,--,--,PQ: Montreal,18
1172,Matias Vanhanen,L,62,21,66,87,6,58,18,12,12,24,6,Finland: Nokia,17
1173,Carter Bear,L,53,36,41,77,56,45,18,7,15,22,24,MAN: West St. Paul,18
1174,Julius Miettinen,C,52,35,41,76,29,60,18,14,13,27,25,Finland: Helsinki,19
1175,Landon DuPont,D,63,18,55,73,52,59,18,5,18,23,24,ALTA: Calgary,16
1176,Tarin Smith,D,65,16,55,71,98,65,4,0,2,2,4,SASK: Porcupine Plain,19
1177,Zackary Shantz,C,66,27,38,65,24,35,18,4,10,14,12,ALTA: Sucker Creek,19
1178,Jesse Heslop,R,62,15,41,56,18,34,18,4,6,10,6,BC: Nanaimo,19
1179,Rylan Gould,L,53,21,29,50,31,11,18,6,4,10,6,MAN: Headingly,20
1180,Jaxsin Vaughan,R,68,21,17,38,75,13,16,4,1,5,16,BC: Merritt,19
1181,Nolan Chastko,C,68,10,25,35,16,22,18,2,7,9,4,MAN: Brandon,20
1182,Brek Liske,D,52,7,17,24,20,36,18,4,13,17,13,MAN: Beausejour,17
1183,Lukas Kaplan,C,60,10,13,23,30,17,17,3,3,6,0,ALTA: Spruce Grove,18
1184,Rhys Jamieson,L,52,12,9,21,10,5,18,2,4,6,0,ALTA: Calgary,17
1185,Shea Busch,L,12,13,5,18,10,13,16,7,6,13,12,BC: North Vancouver,18
1186,Clarke Schaefer,R,34,10,8,18,85,10,--,--,--,--,--,ALTA: Spruce Grove,18
1187,Mirco Dufour,C,52,3,14,17,16,-3,9,1,0,1,2,ALTA: Chestermere,16
1188,Hunter Rudolph,L,42,6,7,13,26,3,14,2,2,4,0,ND: West Fargo,17
1189,Kayd Ruedig 1,D,29,6,6,12,24,15,17,2,4,6,9,SASK: Humboldt,18
1190,Cole Temple 2,C,34,1,8,9,23,-2,--,--,--,--,--,MAN: Brandon,18
1191,Jakub Seidl 3,D,32,1,7,8,22,11,--,--,--,--,--,Czech Rep.: Prostejov,17
1192,Rylan Pearce 4,D,15,4,3,7,6,6,--,--,--,--,--,SASK: Martensville,19
1193,Mattias Uyeda,D,31,1,5,6,12,3,18,2,3,5,15,BC: Vancouver,19
1194,Henri Ament,L,45,4,1,5,34,-2,--,--,--,--,--,MN: Orono,18
1195,Luke Vlooswyk 5,D,31,1,4,5,22,16,18,1,7,8,22,ALTA: Calgary,18
1196,Jaxon Pisani,D,48,0,5,5,20,1,15,0,2,2,8,ALTA: Sturgeon County,16
1197,Cameron Dillard 2,D,17,2,1,3,4,-2,--,--,--,--,--,TX: Arlington,17
1198,Nolan Caffey 6,R,14,1,1,2,7,4,--,--,--,--,--,CA: Belmont,18
1199,Reid Nicol,C,6,0,2,2,0,1,--,--,--,--,--,MAN: Brandon,15
1200,Kaeson Fisher 7,D,1,0,1,1,0,1,--,--,--,--,--,MAN: Brandon,18
1201,Anders Miller 8,G,33,0,1,1,4,0,18,0,1,1,0,AK: Anchorage,18
1202,Raiden Legall,G,37,0,1,1,2,0,--,--,--,--,--,MAN: Morden,18
1203,Finn Werner,G,1,0,0,0,0,0,--,--,--,--,--,ALTA: St. Albert,17
1204,Elias Papadatos,D,1,0,0,0,2,-1,--,--,--,--,--,BC: Langley,14
1205,Logan Lepinski,D,4,0,0,0,0,-4,--,--,--,--,--,BC: Coquitlam,16
1206,Daxon Rudolph,D,68,28,50,78,75,32,19,9,18,27,25,ALTA: Lacombe,17
1207,Aiden Oiring,C,68,28,41,69,58,26,20,8,12,20,8,ALTA: Calgary,20
1208,Max Heise,C,63,29,34,63,31,28,16,4,2,6,8,ALTA: Calgary,19
1209,Riley Boychuk,C,68,15,44,59,36,22,20,3,4,7,16,ALTA: Cochrane,17
1210,Jonah Sivertson,R,66,24,29,53,41,46,20,3,7,10,2,SASK: Regina,17
1211,Brayden Dube,R,55,24,27,51,30,20,20,7,12,19,26,MAN: Roblin,19
1212,Justice Christensen,D,63,18,30,48,84,36,20,5,9,14,22,ALTA: Red Deer,20
1213,Maddix McCagherty 1,L,44,14,28,42,6,37,20,2,6,8,14,BC: Kelowna,19
1214,Alisher Sarkenov,R,47,21,20,41,12,35,20,5,5,10,6,Kazakhstan: Astana,17
1215,Braeden Cootes 2,C,28,14,26,40,6,24,20,7,16,23,2,ALTA: Sherwood Park,18
1216,Brandon Gorzynski 3,C,38,14,26,40,33,11,12,5,4,9,4,AZ: Scottsdale,18
1217,Brock Cripps,D,62,6,31,37,18,33,20,4,17,21,9,BC: Victoria,16
1218,Evan Smith,C,68,11,24,35,39,36,19,3,6,9,18,BC: Kamloops,19
1219,Linden Burrett,D,64,8,27,35,70,57,20,1,6,7,22,BC: Surrey,19
1220,Owen Corkish,L,68,12,20,32,14,23,20,6,1,7,4,MN: Cottage Grove,18
1221,Ben Harvey,R,45,14,13,27,12,21,19,4,2,6,2,ALTA: Edmonton,16
1222,Benett Kelly,D,66,5,19,24,44,49,20,0,2,2,14,ALTA: Cochrane,17
1223,Connor Howe,C,53,5,12,17,13,11,14,1,2,3,5,SASK: Prince Albert,16
1224,Ty Meunier 4,L,29,6,9,15,8,9,--,--,--,--,--,ALTA: St. Albert,17
1225,Oli Chenier 5,L,30,3,10,13,28,7,--,--,--,--,--,MAN: Winnipeg,18
1226,Matyas Man,D,53,2,11,13,53,27,20,2,2,4,10,Czech Rep.: Ostrava,19
1227,Ethan Bibeau 6,C,15,1,4,5,17,-2,--,--,--,--,--,MAN: Winnipeg,18
1228,Hubert Clarke,D,32,1,4,5,38,9,1,0,0,0,0,MAN: Norway House,17
1229,Jackson Kostiuk,C,14,3,1,4,0,3,--,--,--,--,--,MAN: St. Paul,18
1230,Harrison Lodewyk 4,C,4,1,3,4,6,5,--,--,--,--,--,ALTA: Red Deer,20
1231,Malaki Martin,L,2,0,1,1,0,1,--,--,--,--,--,SASK: Regina,16
1232,Tyrone Sobry 7,D,4,0,1,1,2,4,--,--,--,--,--,SASK: Saskatoon,19
1233,Kyle Obobaifo,L,5,0,1,1,2,1,--,--,--,--,--,ALTA: Calgary,15
1234,Steele Bass,G,16,0,1,1,0,0,--,--,--,--,--,ALTA: High River,17
1235,Michal Orsulak,G,36,0,1,1,0,0,20,0,1,1,0,Czech Rep.: Tremosna,18
1236,Liam Myhre,D,1,0,0,0,0,0,--,--,--,--,--,SASK: Nipawin,16
1237,Dimitri Fortin,G,17,0,0,0,4,0,--,--,--,--,--,MAN: Winnipeg,19
1238,Markus Ruck,C,68,21,87,108,28,45,15,4,9,13,2,BC: Osoyoos,17
1239,Liam Ruck,R,68,45,59,104,36,47,14,8,4,12,6,BC: Osoyoos,17
1240,Jonas Woo,D,56,29,57,86,50,63,13,8,9,17,8,MAN: Winnipeg,18
1241,Bryce Pickford,D,55,45,38,83,56,55,15,6,6,12,8,ALTA: Chauvin,19
1242,Yaroslav Bryzgalov,L,64,13,42,55,59,37,15,2,12,14,12,Belarus: Minsk,18
1243,Noah Davidson,L,67,30,22,52,38,46,15,6,6,12,2,CA: Irvine,16
1244,Andrew Basha,L,32,18,32,50,28,24,15,3,18,21,8,ALTA: Calgary,19
1245,Kade Stengrim,L,66,25,19,44,37,22,15,7,4,11,6,MN: Brainerd,18
1246,Kadon McCann,C,68,21,22,43,88,21,15,1,3,4,23,ALTA: Cochrane,18
1247,Shaeffer Gordon-Carroll,C,41,12,25,37,17,26,15,5,7,12,14,UT: Salt Lake City,16
1248,Carter Cunningham,R,62,9,21,30,55,28,15,1,4,5,8,ALTA: Lethbridge,19
1249,Tyson Moss,D,55,8,21,29,22,27,--,--,--,--,--,BC: Port Moody,18
1250,Dayton Reschny,L,54,11,16,27,26,24,10,0,5,5,0,SASK: Macklin,19
1251,Misha Volotovskii 1,C,36,11,14,25,14,15,--,--,--,--,--,ALTA: Calgary,20
1252,Josh Van Mulligen,D,51,6,19,25,25,36,15,3,4,7,6,ALTA: Calgary,20
1253,Ethan Neutens,R,53,12,12,24,52,13,13,5,2,7,6,ALTA: Cochrane,20
1254,Veeti Vaisanen,D,47,6,17,23,36,10,15,1,4,5,10,Finland: Hamina,19
1255,Cameron Parr,L,64,6,12,18,102,7,13,1,4,5,18,MAN: La Salle,18
1256,Luke Cozens 2,R,30,8,9,17,6,22,10,1,2,3,0,YT: Whitehorse,19
1257,Gavin Kor,F,38,3,13,16,6,6,9,1,3,4,0,MN: Rochester,18
1258,Kyle Heger 3,D,35,5,10,15,25,8,--,--,--,--,--,MN: Eagan,17
1259,Riley Steen,D,57,2,10,12,49,22,10,0,1,1,2,BC: Ladysmith,16
1260,Niilopekka Muhonen,D,39,0,12,12,31,27,14,1,1,2,8,Finland: Kuopio,19
1261,Carter Casey,G,28,0,3,3,0,0,7,0,1,1,0,MN: Grand Rapids,17
1262,Luke Warrener,D,3,0,1,1,2,0,--,--,--,--,--,NY: Buffalo,16
1263,Jordan Switzer,G,44,0,1,1,0,0,10,0,1,1,0,ALTA: Edmonton,18
1264,Cash Christie,G,1,0,0,0,0,0,--,--,--,--,--,BC: North Vancouver,16
1265,Max Sullivan,L,2,0,0,0,2,-2,--,--,--,--,--,ALTA: Calgary,19
1266,Brayden Ryan-MacKay,L,5,0,0,0,2,0,--,--,--,--,--,ALTA: Calgary,17
1267,Luke Ruptash,R,8,0,0,0,4,-2,--,--,--,--,--,ALTA: St. Albert,16
1268,Jacob Kvasnicka,R,65,35,50,85,21,32,15,8,7,15,0,MN: Burnsville,18
1269,Ryden Evers,C,67,35,39,74,12,29,15,7,6,13,2,BC: Burnaby,20
1270,Brady Birnie,L,67,22,48,70,30,2,15,9,2,11,2,SASK: Regina,19
1271,Matteo Danis,C,65,30,29,59,34,14,15,1,9,10,10,ALTA: Calgary,20
1272,Brittan Alstead,L,67,22,36,58,33,21,15,2,2,4,6,MN: Plymouth,19
1273,Ethan Weber,D,68,14,37,51,38,27,15,4,5,9,8,CA: Manhattan Beach,18
1274,Diego Johnson,R,68,25,21,46,47,25,12,2,1,3,10,BC: Fort St. James,18
1275,Nolan Stevenson,D,67,11,35,46,18,2,15,4,5,9,0,SASK: Shaunavon,20
1276,Tristan Petersen,L,63,18,19,37,32,19,15,1,5,6,2,Denmark: Hvidovre,19
1277,Louis Wehmann,L,68,18,19,37,62,10,15,5,8,13,10,MN: Wayzata,19
1278,Callum Stone,D,67,2,25,27,46,26,12,0,4,4,8,BC: Kelowna,18
1279,Doogan Pederson,D,65,5,19,24,35,32,15,1,3,4,2,BC: Langley,19
1280,Charlie Michaud,D,35,0,16,16,12,14,15,1,4,5,2,CO: Denver,19
1281,Samuel Drancak 1,C,30,2,13,15,6,14,15,1,7,8,0,Czechia: Strakonice,19
1282,Chase Valliant,C,67,6,8,14,14,-2,15,0,5,5,0,BC: Surrey,19
1283,Brooks DeMars,C,50,6,7,13,53,5,5,0,0,0,0,MN: Hugo,16
1284,Cameron Norrie,L,60,3,9,12,53,1,15,0,1,1,2,BC: Kelowna,18
1285,Jiri Kamas 2,D,22,2,7,9,10,3,--,--,--,--,--,Czech Rep.: Plzen,17
1286,Noah Milford 1,C,18,3,4,7,9,2,10,1,1,2,4,ALTA: Okotoks,17
1287,Morgan Tastad,D,37,1,5,6,30,1,9,0,2,2,0,SASK: Loreburn,19
1288,William James,R,13,1,3,4,2,0,--,--,--,--,--,ALTA: Calgary,18
1289,Sean Burick,D,50,0,4,4,56,25,12,0,2,2,7,CA: San Clemente,17
1290,Booker Toninato,R,19,2,1,3,8,-4,--,--,--,--,--,TX: Allen,17
1291,Kash Alger-East,L,19,1,2,3,6,-2,--,--,--,--,--,SASK: Meadow Lake,17
1292,Andrew Reyelts,G,43,0,3,3,2,0,14,0,0,0,2,MN: Proctor,19
1293,Easton LaPlante 3,D,3,1,0,1,2,2,--,--,--,--,--,ALTA: Calgary,17
1294,Corban Almen,R,4,0,0,0,2,-2,--,--,--,--,--,SASK: Saskatoon,18
1295,Jesse Sanche,G,7,0,0,0,0,0,--,--,--,--,--,BC: Kelowna,19
1296,Ethan McCallum 4,G,21,0,0,0,5,0,2,0,0,0,0,MAN: Brandon,19
1297,Lukas Sawchyn,C,68,27,61,88,42,34,7,1,6,7,4,ALTA: Grande Prairie,18
1298,Miroslav Holinka,C,59,37,43,80,24,28,7,7,4,11,2,Czech Rep.: Kromeriz,19
1299,Ethan MacKenzie,D,59,22,36,58,42,29,7,1,2,3,0,BC: Peachland,18
1300,Landon Hanson,C,68,24,31,55,49,32,7,1,0,1,4,ALTA: Grande Prairie,19
1301,Gavin Hodnett,L,41,12,38,50,12,6,4,1,2,3,0,MAN: Winnipeg,19
1302,Andrew O'Neill,C,65,20,23,43,38,25,6,0,0,0,10,ND: Fargo,18
1303,Max Curran,C,31,14,27,41,23,11,--,--,--,--,--,Czechia: Prague,19
1304,Blake Fiddler,D,63,11,25,36,38,23,2,0,1,1,4,TX: Frisco,18
1305,Adam Jecho,C,47,10,26,36,20,8,7,1,3,4,6,Czech Rep.: Zlin,19
1306,Carter Sotheran 1,D,30,13,22,35,30,11,7,0,6,6,0,MAN: Winnipeg,20
1307,Kayden Stroeder,C,55,13,19,32,22,16,6,2,3,5,2,SASK: Lanigan,16
1308,Dylan Dean,C,52,15,14,29,57,21,7,2,1,3,2,MN: Maple Grove,17
1309,Joe Iginla 2,R,37,11,10,21,20,3,--,--,--,--,--,BC: Lake Country,17
1310,Poul Andersen 3,R,28,11,5,16,4,-1,--,--,--,--,--,MN: St. Louis Park,18
1311,Josh Lee,D,66,8,8,16,26,28,7,0,2,2,2,BC: North Vancouver,17
1312,Kanjyu Gojsic 4,R,46,7,9,16,53,19,7,0,0,0,6,BC: Langley,17
1313,Aaron Obobaifo 5,L,22,9,5,14,12,6,4,3,1,4,4,ALTA: Calgary,18
1314,Parker Alcos 6,D,31,2,12,14,30,29,--,--,--,--,--,BC: Port Moody,19
1315,Jaxon Fuder 7,C,24,1,12,13,59,3,6,0,0,0,15,ALTA: Cold Lake,19
1316,Noa Ta'Amu,D,62,3,9,12,81,29,7,1,0,1,10,CA: San Diego,17
1317,Austin Zemlak,D,31,2,7,9,14,10,7,0,1,1,2,ALTA: Fort McMurray,20
1318,Matthew Williams,C,38,3,5,8,14,9,4,0,0,0,5,ALTA: Leduc,17
1319,Cage Smith,C,34,2,6,8,18,0,3,0,0,0,0,ALTA: Brooks,16
1320,Niko Tsakumis 8,D,23,0,6,6,14,13,--,--,--,--,--,BC: Richmond,20
1321,Luke Powell,L,13,4,1,5,14,3,2,0,0,0,0,ALTA: Edmonton,18
1322,Jensen Marsh,R,14,1,4,5,4,4,--,--,--,--,--,ALTA: Cochrane,16
1323,Rhys Pederson,D,39,0,4,4,39,1,5,0,1,1,0,ALTA: Stettler,18
1324,Jack Toogood 9,R,5,2,0,2,2,3,--,--,--,--,--,ALTA: Devon,18
1325,Ryan Gower,D,32,0,2,2,29,1,6,1,0,1,0,MAN: McCreary,18
1326,Ethan Simcoe,G,38,0,2,2,2,0,3,0,0,0,0,MAN: Lac du Bonnet,19
1327,Cole Landreville,L,3,1,0,1,4,-1,1,0,0,0,0,MAN: St. Claude,15
1328,Presley Kerner,C,5,1,0,1,0,2,--,--,--,--,--,BC: Kelowna,17
1329,Parker Snell,G,33,0,1,1,4,0,4,0,0,0,0,ALTA: St. Albert,17
1330,Tucker Tullikopf,F,1,0,0,0,0,0,--,--,--,--,--,ALTA: Olds,17
1331,Easton Doran,F,1,0,0,0,0,0,--,--,--,--,--,ALTA: Falher,16
1332,Kayson Anderson,D,1,0,0,0,0,1,--,--,--,--,--,SASK: Lumsden,16
1333,Holden Wouters,D,2,0,0,0,0,-2,--,--,--,--,--,BC: Vancouver,14
1334,Chris Kokkoris,D,2,0,0,0,0,1,--,--,--,--,--,BC: Langley,15
1335,Matheas Hejda,D,3,0,0,0,0,0,--,--,--,--,--,MN: Maple Grove,16
1336,Brady Craik,C,21,0,0,0,32,3,--,--,--,--,--,CA: Yorba Linda,20
1337,Terik Parascak,R,61,33,46,79,53,14,12,7,10,17,4,ALTA: Lethbridge,19
1338,Brock Souch,L,67,28,45,73,46,20,12,6,12,18,8,ALTA: Edmonton,18
1339,Carson Carels,D,58,20,53,73,66,23,10,1,9,10,4,MAN: Brandon,17
1340,Kooper Gizowski,L,67,32,40,72,32,4,12,4,9,13,2,ALTA: Edmonton,20
1341,Dmitry Yakutsenak,C,65,25,25,50,19,5,9,3,3,6,2,Russia: Yaroslavl,18
1342,Arseni Anisimov,D,68,7,34,41,44,13,12,2,4,6,6,Russia: Kazan,17
1343,Bauer Dumanski,D,60,9,30,39,32,12,12,1,4,5,4,SASK: Lockwood,20
1344,Lee Shurgot,C,68,8,29,37,6,10,12,5,5,10,2,SASK: Saskatoon,18
1345,Aiden Foster,C,65,14,21,35,113,-11,10,2,4,6,24,ALTA: Lloydminster,18
1346,Jett Lajoie,L,62,21,11,32,52,2,12,3,3,6,4,MAN: Winnipeg,18
1347,Kayden Lemire,R,68,9,20,29,62,8,12,1,3,4,6,ALTA: Edmonton,17
1348,Corbin Vaughan,D,61,7,12,19,51,-3,12,0,0,0,20,BC: Merritt,19
1349,Townes Kozicky,C,58,3,12,15,10,4,5,1,0,1,4,ALTA: Calgary,17
1350,Riley Ashe,C,59,7,5,12,44,-9,12,1,2,3,8,SASK: Warman,19
1351,Dawson Seitz 1,R,26,5,3,8,36,5,12,1,1,2,2,ALTA: Medicine Hat,20
1352,Koy Funk 2,C,28,4,4,8,6,4,12,0,0,0,2,MAN: Portage la Prarie,17
1353,Kaeson Fisher 3,D,18,0,6,6,2,5,9,0,0,0,0,MAN: Brandon,18
1354,Eli Johnson,D,24,0,6,6,2,-1,--,--,--,--,--,SASK: Regina,17
1355,Cole Hajt,C,40,3,2,5,22,-2,3,0,0,0,0,CA: El Segundo,16
1356,Shaun Rios 1,L,13,2,2,4,0,-2,--,--,--,--,--,CA: San Jose,19
1357,Tyrone Sobry 4,D,28,1,3,4,21,7,12,1,1,2,18,SASK: Saskatoon,19
1358,Jack Finnegan,L,28,0,4,4,50,1,2,0,0,0,0,MN: Wayzata,17
1359,Patrick Sopiarz 5,R,29,2,1,3,40,-3,--,--,--,--,--,ALTA: Edmonton,17
1360,Phoenix Cahill,D,45,0,3,3,18,-9,11,0,0,0,2,MN: Cottage Grove,17
1361,Aleksey Chichkin 5,D,9,0,1,1,0,6,--,--,--,--,--,BC: Burnaby,20
1362,Ethan Hamilton,L,11,0,1,1,4,-4,--,--,--,--,--,SASK: Lanigan,17
1363,Joshua Ravensbergen,G,46,0,1,1,5,0,12,0,0,0,0,BC: North Vancouver,18
1364,Leith Hunter,D,1,0,0,0,0,0,--,--,--,--,--,BC: North Vancouver,18
1365,Brady Holtvogt,G,1,0,0,0,0,0,--,--,--,--,--,SASK: Humboldt,18
1366,Preston Lewis,G,2,0,0,0,2,0,--,--,--,--,--,BC: Salmon Arm,19
1367,Cooper Bratton,D,3,0,0,0,4,-1,--,--,--,--,--,SASK: Moosomin,16
1368,Alexander Levshyn,G,24,0,0,0,0,0,--,--,--,--,--,Ukraine: Kharkiv,19
1369,Dermot Johnston,D,36,0,0,0,13,-11,1,0,0,0,0,ALTA: Olds,17
1370,Tij Iginla,C,48,41,49,90,29,47,9,7,5,12,4,BC: Kelowna,19
1371,Carson Wetsch,R,65,22,50,72,80,14,8,2,2,4,6,BC: North Vancouver,19
1372,Mazden Leslie,D,67,18,50,68,67,24,9,0,3,3,6,ALTA: Lloydminster,20
1373,Shane Smith 1,C,41,21,24,45,44,7,9,2,2,4,4,BC: Chiliwack,20
1374,Hiroki Gojsic,R,55,19,22,41,26,9,9,1,2,3,4,BC: Langley,19
1375,Hayden Paupanekis,C,57,15,22,37,52,-2,9,2,3,5,4,MAN: Winnipeg,18
1376,Tomas Poletin,L,43,20,15,35,38,14,9,2,3,5,6,Czech Rep.: Praha,18
1377,Vojtech Cihar,L,31,12,19,31,14,18,9,6,7,13,6,Czech Rep.: Chomutov,18
1378,Ty Halaburda 2,R,32,9,16,25,6,17,6,1,4,5,0,BC: Victoria,20
1379,Rowan Guest,D,64,1,24,25,99,25,9,1,3,4,8,SASK: Saskatoon,19
1380,Dawson Gerwing,L,63,11,13,24,127,-5,9,2,0,2,10,SASK: Meadow Lake,19
1381,Owen Folstrom,C,65,14,5,19,27,-10,9,1,0,1,4,ALTA: Calgary,17
1382,Levi Benson 3,L,30,5,11,16,13,-2,--,--,--,--,--,BC: Chilliwack,17
1383,Will Sharpe 4,D,31,3,13,16,14,1,--,--,--,--,--,BC: Ladner,18
1384,Parker Alcos 5,D,32,3,13,16,18,14,9,0,4,4,6,BC: Port Moody,19
1385,Nate Corbet,D,49,3,11,14,118,15,9,1,3,4,17,ALTA: Calgary,19
1386,Connor Pankratz,R,66,7,6,13,28,0,9,0,1,1,0,BC: West Vancouver,19
1387,Kayden Longley 6,C,15,5,7,12,4,4,--,--,--,--,--,ALTA: Wainwright,19
1388,Keith McInnis 7,D,31,4,8,12,17,14,9,0,2,2,2,ALTA: Red Deer,19
1389,Kalder Varga 8,R,34,8,3,11,23,-11,--,--,--,--,--,IL: Geneva,17
1390,Jacob Henderson,D,65,2,9,11,19,-8,9,1,2,3,0,BC: Burnaby,17
1391,Jaxon Kehrig,C,50,2,7,9,17,-7,--,--,--,--,--,SASK: Tisdale,18
1392,Daniel Pekar,L,32,4,4,8,11,-2,--,--,--,--,--,Czech Rep.: Trebon,19
1393,Ryan Oothoudt,F,20,5,2,7,6,4,9,1,1,2,2,MN: Little Falls,18
1394,Eli Barrett,R,44,1,5,6,10,0,3,0,0,0,0,BC: Surrey,17
1395,Gabriel Guilbault 3,D,12,1,2,3,0,0,--,--,--,--,--,BC: Burnaby,19
1396,Kanjyu Gojsic 9,R,10,0,2,2,4,-2,--,--,--,--,--,BC: Langley,17
1397,Harrison Boettiger,G,41,0,2,2,0,0,8,0,0,0,0,CO: Wheat Ridge,17
1398,Peyton Kettles 10,D,3,0,1,1,8,2,--,--,--,--,--,MAN: Winnipeg,18
1399,Jackson Gillespie 11,D,6,0,1,1,0,-4,--,--,--,--,--,TX: Keller,18
1400,Josh Banini,G,29,0,1,1,4,0,2,0,0,0,0,ALTA: Edmonton,19
1401,Owen Hayden,D,44,0,1,1,56,-4,1,0,0,0,0,ALTA: Calgary,16
1402,Nathan Kam,G,1,0,0,0,0,0,--,--,--,--,--,BC: Burnaby,18
1403,Jake Pilon 12,G,1,0,0,0,0,0,--,--,--,--,--,ALTA: Calgary,18
1404,Gabriel O'Brien,L,1,0,0,0,2,-2,--,--,--,--,--,ALTA: Edmonton,17
1405,Riley Pederson,C,1,0,0,0,0,-1,--,--,--,--,--,BC: Smithers,17
1406,Linden Sobocan,G,1,0,0,0,0,0,--,--,--,--,--,ALTA: Cochrane,16
1407,Von Lakovic,R,1,0,0,0,0,0,--,--,--,--,--,BC: West Kelowna,15
1408,Drew Larioza,R,2,0,0,0,0,0,--,--,--,--,--,CA: San Jose,16
1409,Carter Kowalyk 13,D,3,0,0,0,0,1,--,--,--,--,--,ALTA: St. Albert,20
1410,William Matte,C,3,0,0,0,2,-2,1,0,0,0,0,ALTA: Calgary,16
1411,Dallin Antos,D,7,0,0,0,2,-3,--,--,--,--,--,ALTA: Red Deer,17
1412,Kale Dach,C,63,34,41,75,24,8,7,3,4,7,2,ALTA: Fort Saskatchewan,18
1413,Andrei Molgachev,C,61,29,30,59,17,-7,8,2,2,4,0,Russia: Magnitogorsk,17
1414,Ethan Moore,R,66,25,29,54,57,6,8,9,2,11,0,ALTA: Okotoks,20
1415,Ben Macbeath,D,67,7,44,51,16,5,7,0,2,2,2,ALTA: Calgary,17
1416,Julien Maze 1,L,38,24,23,47,38,0,7,2,7,9,6,ALTA: Edmonton,17
1417,Caine Wilke,L,64,15,28,43,20,-1,8,1,6,7,2,SASK: Saskatoon,17
1418,Hunter Aura,D,64,4,36,40,35,-3,8,0,4,4,2,BC: Kamloops,17
1419,Harrison Lodewyk 2,C,51,17,19,36,67,-2,7,1,2,3,6,ALTA: Red Deer,20
1420,Landon Amrhein,L,64,10,21,31,12,5,8,1,1,2,2,TX: Celina,17
1421,Brandon Gorzynski 3,C,27,13,16,29,14,9,--,--,--,--,--,AZ: Scottsdale,18
1422,Wyatt Pisarczyk,D,64,4,25,29,52,14,8,1,1,2,2,ALTA: Airdrie,18
1423,Calder Hamilton,D,53,6,22,28,22,-20,8,0,2,2,2,SASK: Saskatoon,16
1424,Keaton Jundt,L,62,12,10,22,26,-5,8,1,0,1,4,ND: West Fargo,17
1425,Axel Hurtig,D,64,6,13,19,46,21,8,1,2,3,4,Sweden: Hogas,20
1426,Blake Vanek 4,R,32,11,7,18,17,-5,8,1,0,1,0,MN: Stillwater,18
1427,Rylan Ng,R,53,8,9,17,8,-8,--,--,--,--,--,ALTA: Lethbridge,16
1428,Ty Meunier 2,L,35,6,11,17,0,-10,8,0,0,0,0,ALTA: St. Albert,17
1429,Luc Trevors,L,66,6,8,14,24,-14,8,0,2,2,2,ALTA: Langdon,19
1430,Shaun Hildebrandt,L,63,3,8,11,10,-4,8,0,0,0,2,BC: Langley,16
1431,Kaden Meyer,D,38,1,6,7,36,-13,2,0,0,0,0,BC: Delta,17
1432,Koy Funk 5,C,21,2,4,6,9,4,--,--,--,--,--,MAN: Portage la Prarie,17
1433,Hayden Schollar,C,22,2,4,6,6,-4,--,--,--,--,--,ALTA: Calgary,18
1434,Bobby Williams,D,29,0,6,6,18,-3,--,--,--,--,--,TX: Dallas,18
1435,Jakub Seidl 6,D,29,0,2,2,12,-2,8,0,0,0,2,Czech Rep.: Prostejov,17
1436,Jack Poole,R,5,1,0,1,0,1,2,0,0,0,0,BC: North Vancouver,16
1437,Kale McCann,D,3,0,1,1,0,-2,--,--,--,--,--,ALTA: Cochrane,15
1438,Ty Hynes,L,4,0,1,1,0,-2,--,--,--,--,--,ALTA: Medicine Hat,17
1439,Cohen Daoust,C,6,0,1,1,0,-6,--,--,--,--,--,ALTA: St. Albert,18
1440,Aidan Hesse,G,30,0,1,1,0,0,--,--,--,--,--,MN: St. Paul,17
1441,Eric Tu,G,45,0,1,1,0,0,8,0,0,0,0,BC: Surrey,16
1442,Antonio Correia,C,1,0,0,0,0,0,--,--,--,--,--,MAN: Winnipeg,16
1443,Ethan Merner,R,2,0,0,0,4,-1,--,--,--,--,--,BC: Kelowna,18
1444,Parker Schellenberg,D,2,0,0,0,0,-2,--,--,--,--,--,CA: Irvine,16
1445,Anders Miller 7,G,3,0,0,0,0,0,--,--,--,--,--,AK: Anchorage,18
1446,Walker Filewich,C,5,0,0,0,2,-3,--,--,--,--,--,ALTA: St. Albert,15
1447,Luke Mistelbacher,L,67,42,46,88,33,13,4,3,1,4,2,MAN: Steinbach,19
1448,Jaxon Jacobson,C,63,25,60,85,32,9,4,1,3,4,0,MAN: Brandon,16
1449,Joby Baumuller,R,58,40,22,62,35,26,4,0,1,1,0,SASK: Wilcox,18
1450,Jordan Gavin,C,68,16,42,58,6,7,4,0,1,1,0,BC: Surrey,18
1451,Grayson Burzynski,D,59,11,47,58,58,20,4,2,1,3,2,MAN: Winnipeg,20
1452,Nicholas Johnson,R,68,22,31,53,40,34,4,0,0,0,8,ALTA: Calgary,20
1453,Caleb Hadland,L,56,15,29,44,55,12,4,0,0,0,2,ALTA: Sylvan Lake,19
1454,Chase Surkan,L,45,20,18,38,6,5,4,1,1,2,0,SASK: Regina,16
1455,Giorgos Pantelas,D,68,6,31,37,50,19,4,0,0,0,0,PQ: Laval,17
1456,Brady Turko,R,66,18,18,36,34,-1,4,0,0,0,2,MAN: McCreary,17
1457,Prabh Bhathal,C,63,8,23,31,26,2,4,0,4,4,2,MAN: Winnipeg,16
1458,Carter Klippenstein,L,38,11,17,28,74,1,--,--,--,--,--,ALTA: Lethbridge,18
1459,Jimmy Egan,C,68,4,18,22,33,-1,3,1,0,1,2,MN: Stillwater,17
1460,Cameron Allard,D,62,7,12,19,29,14,4,0,0,0,2,SASK: Yorkton,17
1461,Nigel Boehm,D,63,2,14,16,89,22,4,0,0,0,2,SASK: Corman Park,16
1462,Max Lavoie,D,67,4,10,14,91,1,4,0,0,0,4,BC: Victoria,19
1463,Dylan Ronald,D,42,5,7,12,14,5,2,0,0,0,2,ALTA: Ponoka,18
1464,Brett Wilson,L,18,3,5,8,4,5,4,0,0,0,2,ALTA: Calgary,19
1465,Daniil Skvortsov,D,49,1,7,8,47,-3,1,0,1,1,0,Russia: Kaluga,18
1466,Gunnar Gleasman,R,46,5,0,5,74,-12,1,0,0,0,0,CO: Aspen,17
1467,Easton Odut,L,16,1,2,3,0,-2,--,--,--,--,--,MAN: Dauphin,18
1468,Ryan Boyce,L,34,0,3,3,12,-5,4,0,1,1,0,ALTA: Calgary,17
1469,Jayden Kraus,G,30,0,2,2,4,0,--,--,--,--,--,SASK: Prince Albert,18
1470,Jim Cruz,D,4,0,1,1,2,-2,1,0,0,0,0,ALTA: Grand Prairie,15
1471,Carson Ralph,C,4,0,1,1,0,0,--,--,--,--,--,ALTA: St. Albert,16
1472,Ethan Young,D,4,0,1,1,0,1,--,--,--,--,--,SASK: Regina,16
1473,Levi Ellingsen,C,5,0,1,1,6,-2,--,--,--,--,--,WA: Pasco,15
1474,Hudson Perry,G,1,0,0,0,0,0,--,--,--,--,--,ALTA: Sexsmith,18
1475,Adam Hlinsky,D,2,0,0,0,2,-3,--,--,--,--,--,: Dolni Bousov,19
1476,Easten Turko,D,2,0,0,0,0,0,--,--,--,--,--,MAN: Brandon,16
1477,Carson Park,F,4,0,0,0,2,0,--,--,--,--,--,SASK: Pilot Butte,16
1478,Filip Ruzicka,G,42,0,0,0,11,0,4,0,0,0,0,Czechia: Trinec,17
1479,J.P. Hurlbert,L,68,42,55,97,45,13,4,1,2,3,6,TX: Allen,17
1480,Nathan Behm,L,67,38,48,86,41,10,2,0,0,0,0,ALTA: Calgary,18
1481,Tommy Lafreniere,R,67,41,36,77,22,-15,4,2,1,3,2,BC: Hornby Island,18
1482,Josh Evaschesen,L,67,33,40,73,35,14,4,0,1,1,0,ALTA: Medicine Hat,19
1483,Jordan Keller,C,53,27,28,55,17,0,4,1,0,1,0,BC: Sapporo,20
1484,Ty Bonkowski,C,64,13,27,40,26,9,--,--,--,--,--,BC: Richmond,17
1485,Cooper Moore,C,68,10,30,40,30,5,4,0,2,2,0,ALTA: Red Deer,19
1486,Ryan Michael,D,67,3,31,34,31,12,4,1,0,1,2,BC: Langley,20
1487,Isa Guram,D,68,7,24,31,61,4,4,1,0,1,2,BC: Burnaby,18
1488,Harrison Brunicke,D,24,2,22,24,20,0,4,0,1,1,0,South Africa: Johannesburg,19
1489,"Kayd RuedigTo Everett""> 1",D,27,8,13,21,29,-9,--,--,--,--,--,SASK: Humboldt,18
1490,Vit Zahejsky,L,28,9,10,19,16,5,4,0,1,1,0,Czech Rep.: Plzen,18
1491,Ty Coupland 2,R,28,7,10,17,21,5,4,0,1,1,2,BC: North Vancouver,18
1492,Rhett Ravndahl,D,55,4,12,16,39,12,4,0,1,1,0,SASK: Birch Hills,20
1493,Jacob Dumansky,C,59,1,14,15,16,-4,4,2,1,3,0,BC: Langley,16
1494,Carson Olsen 3,D,56,1,13,14,54,20,4,0,0,0,4,SASK: Warman,19
1495,Owen Cooper,L,66,6,7,13,21,-7,3,0,0,0,0,ALTA: Calgary,17
1496,Andrew Thomson,C,50,4,9,13,8,-5,4,0,0,0,0,ALTA: Sherwood Park,18
1497,Joaquin Geras,D,55,1,11,12,10,2,2,0,0,0,0,ALTA: Calgary,16
1498,Dryden Deobald,D,59,2,8,10,4,-1,2,0,0,0,0,SASK: Regina,17
1499,Logan Edmonstone,G,49,0,4,4,0,0,4,0,0,0,0,SASK: Saskatoon,17
1500,Asher Gingras,C,27,2,1,3,19,-7,1,0,0,0,0,MAN: Steinbach,16
1501,Logan Lanti,R,37,2,1,3,0,-4,4,0,1,1,0,ALTA: High Level,17
1502,Madden Tymchak,D,42,0,2,2,39,-6,2,0,0,0,2,MAN: Winnipeg,16
1503,Kaeden Tate,G,2,0,1,1,0,0,--,--,--,--,--,CA: Huntington Beach,15
1504,Evan Markel,D,17,0,1,1,8,-6,--,--,--,--,--,BC: Richmond,18
1505,Eli Tverdovsky,R,2,0,0,0,0,0,--,--,--,--,--,CA: Los Angeles,15
1506,Teagen Bouchard,C,3,0,0,0,0,-2,--,--,--,--,--,ALTA: Falher,15
1507,Ivans Kufterins,G,20,0,0,0,0,0,1,0,0,0,0,Latvia: Riga,18
1508,David Lewandowski,L,57,17,48,65,42,-6,11,4,5,9,12,Germany: Schwatzingen,18
1509,Cooper Williams,C,66,23,34,57,35,-7,11,2,4,6,2,ALTA: Calgary,17
1510,Hunter Laing,C,62,24,31,55,33,-3,11,4,5,9,4,VA: Virginia Beach,19
1511,Rowan Calvert,L,67,31,22,53,30,-7,11,2,5,7,6,SASK: Moose Jaw,20
1512,Brayden Klimpke,D,68,4,43,47,43,0,11,1,4,5,8,ALTA: Calgary,17
1513,Tristen Doyle,D,65,8,30,38,23,-2,11,1,6,7,4,ALTA: Bonnyville,19
1514,Kazden Mathies,L,68,19,18,37,24,-2,11,1,2,3,2,SASK: Martensville,18
1515,Zach Olsen,R,57,18,16,34,79,-5,10,2,4,6,18,ALTA: Calgary,17
1516,Hayden Harsanyi,C,57,14,20,34,14,10,11,4,2,6,8,ALTA: Calgary,18
1517,Tyler Parr,R,68,10,22,32,77,-5,11,4,3,7,9,MAN: La Salle,20
1518,Jack Kachkowski,D,68,7,18,25,30,3,11,0,1,1,6,ALTA: St. Albert,18
1519,Dominik Petr 1,C,29,9,12,21,12,-12,--,--,--,--,--,Czech Rep.: Ostrava,20
1520,Jordan Martin,D,52,5,16,21,43,8,11,0,1,1,8,BC: Abbotsford,18
1521,Ben Bowtell,L,64,6,6,12,30,-8,11,0,0,0,5,SASK: Yorkton,16
1522,Dustin Willhoft,L,47,3,9,12,14,-4,5,0,0,0,0,Estonia: Kohtla-Jarve,18
1523,Elias Pul 2,F,30,8,3,11,14,-3,11,0,2,2,0,Germany: Weingarten,19
1524,Gavin Clark,R,53,2,8,10,32,-7,11,0,0,0,11,CA: Newport Beach,17
1525,"Tyrone SobryTo Prince George""> 3",D,29,3,4,7,20,-5,--,--,--,--,--,SASK: Saskatoon,19
1526,Triston Mitchell-McElhone,C,46,2,2,4,63,-11,7,0,0,0,8,SASK: Flaxcombe,16
1527,Kaden Allan 2,D,17,0,4,4,11,4,11,0,2,2,0,MAN: Hamiota,17
1528,Isaac Poll,D,34,1,2,3,24,-6,--,--,--,--,--,SASK: White City,18
1529,Jack Lavallee,D,51,0,3,3,12,-5,11,0,0,0,0,SASK: Saskatoon,17
1530,Derek Thurston 4,D,12,1,1,2,14,1,--,--,--,--,--,BC: Delta,19
1531,Luke Dumas,D,13,0,2,2,2,5,--,--,--,--,--,ALTA: Beaverlodge,15
1532,Evan Gardner,G,52,0,2,2,2,0,11,0,0,0,0,BC: Fort St. John,19
1533,Adam Halat,C,4,1,0,1,0,2,--,--,--,--,--,ALTA: Chestermere,16
1534,Jaggar John,L,7,1,0,1,2,-2,--,--,--,--,--,ALTA: Fort McMurray,16
1535,Cohen Lewko,R,15,1,0,1,2,-2,--,--,--,--,--,MAN: Winnipeg,16
1536,Kohen Lodge 5,L,8,0,1,1,2,3,--,--,--,--,--,ALTA: Red Deer,16
1537,Ryley Budd,G,11,0,1,1,0,0,1,0,0,0,0,ALTA: Calgary,17
1538,Noah Fowler,L,1,0,0,0,0,0,--,--,--,--,--,BC: Quesnel,15
1539,Taye Timmerman,G,2,0,0,0,0,0,--,--,--,--,--,MAN: Winnipeg,18
1540,Ewan Gillis,D,2,0,0,0,2,-4,--,--,--,--,--,ALTA: Edmonton,16
1541,Mason Moreland,F,2,0,0,0,0,0,--,--,--,--,--,CA: Irvine,15
1542,Julian Revel,D,5,0,0,0,2,-2,--,--,--,--,--,BC: Burnaby,16
1543,Ethan McCallum 6,G,13,0,0,0,0,0,--,--,--,--,--,MAN: Brandon,19
1544,Chase Harrington,L,61,28,29,57,105,10,6,2,2,4,8,BC: Prince George,17
1545,Owen Martin,C,65,26,30,56,44,17,6,5,0,5,0,MAN: Oakbank,18
1546,Coco Armstrong,R,67,25,24,49,58,18,5,1,2,3,11,BC: West Vancouver,19
1547,Sam Oremba,L,68,23,18,41,27,9,6,3,1,4,6,SASK: Regina,20
1548,Rhett Sather,D,66,11,29,40,48,15,2,0,0,0,0,ALTA: Cochrane,16
1549,Will McIsaac,D,66,8,26,34,45,22,6,0,5,5,0,BC: Vancouver,19
1550,Mathis Preston 1,R,36,14,18,32,32,-2,--,--,--,--,--,BC: Penticton,17
1551,Logan Wormald 2,L,39,8,23,31,26,11,6,0,7,7,13,BC: Langley,20
1552,Tyus Sparks 3,C,29,12,16,28,10,8,5,2,1,3,2,ID: Meridian,17
1553,Ethan Hughes,C,51,11,15,26,31,14,6,1,2,3,2,ALTA: Edmonton,18
1554,Dominik Petr 4,C,35,7,17,24,10,0,6,0,4,4,0,Czech Rep.: Ostrava,20
1555,Brody Gillespie,C,66,7,17,24,19,1,6,0,2,2,4,WA: Vancouver,17
1556,Cohen Harris,R,46,5,19,24,27,-5,6,0,1,1,4,SASK: Humboldt,17
1557,Owen Schoettler,D,58,1,18,19,68,3,6,0,0,0,5,ALTA: Edmonton,18
1558,Gavin Burcar,C,63,7,10,17,47,-2,4,1,0,1,0,CA: Cota De Caza,16
1559,Nathan Mayes,D,63,2,14,16,74,1,6,0,1,1,4,BC: Salmon Arm,19
1560,Tristen Buckley,L,46,6,7,13,8,-2,2,0,0,0,0,ALTA: Red Deer,17
1561,Assanali Sarkenov,R,42,4,7,11,42,-7,4,2,1,3,5,Kazakhstan: Astana,19
1562,Ossie McIntyre,C,44,3,8,11,25,-2,4,0,0,0,4,ALTA: St. Albert,16
1563,Nolan Saunderson,D,47,2,9,11,10,10,6,0,0,0,2,MAN: Brandon,17
1564,Marek Howell 3,D,30,2,5,7,15,5,6,0,0,0,4,ALTA: Calgary,19
1565,Elias Pul 5,F,22,3,3,6,4,-2,--,--,--,--,--,Germany: Weingarten,19
1566,Smyth Rebman,R,15,2,3,5,4,6,--,--,--,--,--,BC: Prince George,19
1567,Harry Mattern,D,48,2,2,4,22,-1,3,0,0,0,0,ALTA: Sherwood Park,16
1568,Kaden Allan 5,D,19,0,4,4,4,3,--,--,--,--,--,MAN: Hamiota,17
1569,Carter Esler,G,44,0,2,2,2,0,5,0,0,0,0,ALTA: Okotoks,16
1570,Caden Campion 6,D,6,1,0,1,2,3,--,--,--,--,--,MN: St. Paul,18
1571,Bryson Roberts,D,11,1,0,1,2,5,1,0,0,0,0,BC: Maple Ridge,16
1572,Kaslo Ferner,R,9,0,1,1,6,-2,--,--,--,--,--,BC: Kelowna,19
1573,Linus Vieillard,G,27,0,1,1,0,0,1,0,0,0,0,Germany: Berlin,19
1574,Ryker Doka,D,1,0,0,0,0,-1,--,--,--,--,--,SASK: Regina,15
1575,Alexander Watren,G,1,0,0,0,0,0,--,--,--,--,--,CO: Lakewood,17
1576,Nolan Bisson,L,2,0,0,0,0,-1,--,--,--,--,--,ALTA: St. Albert,17
1577,Coster Dunn,C,62,25,30,55,53,3,5,3,2,5,2,ALTA: Stony Plain,19
1578,Antonio Martorana,R,63,24,28,52,38,3,5,1,1,2,2,ALTA: Edmonton,18
1579,Matej Pekar,L,63,23,29,52,99,-3,5,0,1,1,0,Czechia: Prerov,17
1580,Brock England,C,64,21,30,51,18,12,5,1,2,3,2,ALTA: Red Deer,16
1581,Cameron Schmidt 1,R,33,24,16,40,18,8,5,3,1,4,2,BC: Prince George,18
1582,Radim Mrtka,D,43,1,33,34,38,-3,5,0,3,3,2,Czech Rep.: Havlickuv,18
1583,Simon Lovsin,R,58,16,16,32,87,-2,5,0,1,1,2,ALTA: Stony Plain,19
1584,Sawyer Mayes,C,68,17,14,31,36,-6,5,0,1,1,0,BC: Salmon Arm,18
1585,Matthew Gard 2,C,32,11,12,23,38,7,5,1,3,4,8,MAN: Winnipeg,18
1586,Braeden Cootes 3,C,17,10,13,23,2,3,--,--,--,--,--,ALTA: Sherwood Park,18
1587,Noah Kosick 4,C,32,6,14,20,14,4,5,1,4,5,0,BC: Victoria,17
1588,Ashton Cumby,D,59,4,13,17,92,13,5,0,0,0,2,ALTA: Bonnyville,20
1589,Tai Riley,D,68,2,15,17,47,7,5,1,1,2,0,ALTA: Whitecourt,17
1590,Brendan Rudolph 5,L,35,9,7,16,8,-2,--,--,--,--,--,ALTA: Calgary,17
1591,Ethan Bibeau 6,C,33,6,10,16,10,6,5,0,0,0,2,MAN: Winnipeg,18
1592,Joe Gramer,D,29,1,14,15,18,-3,5,2,2,4,2,MN: Moorhead,20
1593,Marcus Laraque,R,59,4,7,11,47,2,5,0,1,1,4,ALTA: Edmonton,16
1594,Brayden Holberton,R,63,3,8,11,132,-14,5,0,0,0,11,BC: Sparwood,18
1595,Cameron Kuzma 7,C,32,4,6,10,37,-8,--,--,--,--,--,ALTA: St. Albert,17
1596,Grayson Tash,D,56,1,9,10,20,-1,4,0,0,0,0,BC: North Vancouver,16
1597,Kaleb Hartmann 8,D,33,2,5,7,54,2,--,--,--,--,--,BC: Langley,18
1598,Vanek Popil,D,50,2,5,7,24,9,2,0,0,0,0,ALTA: Edmonton,17
1599,Colton Gerrior 8,C,20,2,3,5,9,2,--,--,--,--,--,BC: Williams Lake,16
1600,Hyde Davidson 5,D,24,1,3,4,8,-6,--,--,--,--,--,ALTA: Edmonton,19
1601,Brennen Hocher 4,D,33,0,4,4,5,-1,5,0,0,0,6,ALTA: Calgary,18
1602,Matthew Hilderman,F,9,1,1,2,8,-1,--,--,--,--,--,ALTA: Cochrane,16
1603,Jaxson Pawlenchuk 8,D,20,1,1,2,28,-1,--,--,--,--,--,ALTA: Ardrossan,17
1604,Logan Miller,C,40,0,2,2,2,-10,--,--,--,--,--,ALTA: Grande Prairie,17
1605,Grayson Malinoski,G,32,0,1,1,0,0,1,0,0,0,0,SASK: Saskatoon,18
1606,Marek Sklenicka,G,42,0,1,1,0,0,4,0,0,0,0,Czechia: Litinov,17
1607,Finn Bagley,R,2,0,0,0,0,0,--,--,--,--,--,ALTA: Airdrie,17
1608,Seamus Dillon,C,2,0,0,0,0,-1,--,--,--,--,--,ALTA: Cochrane,16
1609,Maddux Martin,C,3,0,0,0,0,0,--,--,--,--,--,BC: Salmon Arm,19
1610,Carter Kowalyk 9,D,5,0,0,0,6,-1,--,--,--,--,--,ALTA: St. Albert,20
1611,Caden Cail 1,R,9,0,0,0,2,-2,--,--,--,--,--,BC: Kamloops,18
1612,Ethan Creran,D,11,0,0,0,4,2,--,--,--,--,--,ALTA: Edmonton,16
1613,Roan Woodward,L,68,32,24,56,18,-27,--,--,--,--,--,SASK: Nipawin,19
1614,Nolan Stewart,R,65,16,34,50,48,-3,--,--,--,--,--,ALTA: Edmonton,17
1615,Hayden Moore,C,62,18,30,48,65,-22,--,--,--,--,--,MAN: Winnipeg,19
1616,Heath Nelson,L,68,21,24,45,20,-20,--,--,--,--,--,MN: Lino Lakes,19
1617,Tim Runtso,D,68,11,33,44,28,-13,--,--,--,--,--,CA: Marina Del Rey,18
1618,Reggie Newman,R,57,12,28,40,60,-11,--,--,--,--,--,BC: Kamloops,20
1619,Miles Cooper,C,50,10,27,37,31,-12,--,--,--,--,--,ALTA: Calgary,19
1620,Ludovic Perreault,L,68,20,16,36,16,-19,--,--,--,--,--,MAN: Winnipeg,16
1621,Caleb Matthews,R,65,15,21,36,37,-7,--,--,--,--,--,ALTA: Calgary,18
1622,Ashton Brown,C,65,12,11,23,30,-13,--,--,--,--,--,ALTA: Sherwood Park,18
1623,Odin Vauhkonen,D,65,3,20,23,36,-11,--,--,--,--,--,CA: Costa Mesa,16
1624,Landon Young,D,58,3,16,19,14,-22,--,--,--,--,--,ALTA: Edmonton,19
1625,Eli McKamey,R,48,6,11,17,8,-15,--,--,--,--,--,BC: Cowichan Bay,16
1626,Henry Peterson,D,57,4,9,13,35,-12,--,--,--,--,--,MN: Duluth,18
1627,Cruz Waltze,L,48,4,7,11,35,5,--,--,--,--,--,WA: Richland,16
1628,Wyatt Danyleyko,C,63,4,7,11,10,-2,--,--,--,--,--,BC: Victoria,18
1629,Max Silver,F,20,5,4,9,0,-2,--,--,--,--,--,CA: Poway,18
1630,Seth Fryer,D,62,2,7,9,114,-13,--,--,--,--,--,BC: Victoria,19
1631,Layne Schofield,R,24,3,3,6,0,-4,--,--,--,--,--,MAN: LaSalle,17
1632,Cosmo Wilson,D,34,1,5,6,8,-12,--,--,--,--,--,BC: Vernon,20
1633,Jacob Schwartz,C,29,2,1,3,4,-9,--,--,--,--,--,BC: Vancouver,16
1634,Owen McCarthy,D,19,0,2,2,20,-7,--,--,--,--,--,BC: Trail,17
1635,Cohen Massey,D,20,0,2,2,12,-1,--,--,--,--,--,BC: Cloverdale,19
1636,Max Finley,R,3,1,0,1,5,1,--,--,--,--,--,BC: Kelowna,18
1637,Daniel Morozov,L,5,1,0,1,0,0,--,--,--,--,--,BC: Port Coquitlam,17
1638,Mykola Kosarev,D,21,0,1,1,13,-11,--,--,--,--,--,Ukraine: Kharkiv,17
1639,Ethan Eskit,G,53,0,1,1,4,0,--,--,--,--,--,ALTA: Calgary,19
1640,Roan Greschuk,D,1,0,0,0,0,0,--,--,--,--,--,ALTA: Sturgeon County,15
1641,Koltin Herfst,D,2,0,0,0,0,-3,--,--,--,--,--,BC: Chilliwack,16
1642,Seth Badry,G,2,0,0,0,0,0,--,--,--,--,--,ALTA: Stony Plain,15
1643,Carsten Kayter,D,6,0,0,0,4,-1,--,--,--,--,--,SASK: Warman,19
1644,Jake Pilon 1,G,19,0,0,0,0,0,--,--,--,--,--,ALTA: Calgary,18
1645,Caden Brown,R,64,28,33,61,24,-26,5,0,1,1,2,BC: Prince George,20
1646,Keets Fawcett,L,56,30,29,59,41,-19,3,0,1,1,4,ALTA: Grimshaw,19
1647,Zachary Lansard,R,68,24,32,56,33,-3,5,3,0,3,4,MAN: Ste. Anne,17
1648,Ephram McNutt,D,66,13,40,53,32,-19,5,1,1,2,0,ALTA: Red Deer,20
1649,Reese Hamilton,D,67,7,36,43,26,6,5,0,1,1,6,SASK: Whitewood,18
1650,Ruslan Karimov,R,61,17,22,39,26,-13,5,4,1,5,6,Russia: Almetyevsk,18
1651,Cohen Klassen,C,62,14,23,37,47,-9,5,0,2,2,2,SASK: Martensville,16
1652,Ellis Mieyette,C,63,11,25,36,48,-6,5,1,1,2,0,SASK: Lumsden,18
1653,Matt Paranych,D,66,7,26,33,46,-37,5,0,0,0,0,ALTA: Edmonton,18
1654,Julien Maze 1,L,30,14,17,31,30,-1,--,--,--,--,--,ALTA: Edmonton,17
1655,Maddox Schultz,C,34,15,14,29,20,-8,2,0,1,1,4,SASK: Regina,15
1656,Zach Moore,C,52,10,15,25,39,-24,5,0,0,0,8,SASK: Saskatoon,19
1657,Jace Egland,R,56,11,7,18,15,-12,5,2,1,3,0,SASK: Eastend,17
1658,Liam Pue,C,34,6,10,16,20,-3,2,1,0,1,0,BC: Langley,15
1659,Connor Bear,L,37,7,6,13,29,-4,3,0,1,1,2,SASK: Whitewood,18
1660,Mathis Paull,L,55,7,6,13,30,-7,5,1,0,1,0,BC: Vernon,16
1661,Dayce Derkatch,L,66,4,9,13,12,-17,5,0,1,1,2,SASK: Regina,18
1662,Dayton Deschamps,D,52,3,7,10,55,-18,5,1,0,1,4,SASK: Saskatoon,18
1663,Aiden Wagner,D,41,2,7,9,6,8,5,0,2,2,2,SASK: Yorkton,16
1664,Kolten Bridgeman,D,51,1,8,9,49,-21,4,0,2,2,4,SASK: Regina,18
1665,Jonas Kohn,D,39,1,3,4,49,-9,3,0,0,0,13,MN: Stillwater,18
1666,Shea Rollason,R,46,1,3,4,40,-12,3,0,1,1,0,MAN: Winnipeg,16
1667,Rylan Pearce 2,D,16,0,3,3,10,-13,--,--,--,--,--,SASK: Martensville,19
1668,Taylor Tabashniuk,G,21,0,3,3,7,0,3,0,1,1,0,SASK: Regina,18
1669,Brayden Smith 3,D,5,0,2,2,4,-1,--,--,--,--,--,SASK: Saskatoon,18
1670,Cruz Nicolay,D,4,0,1,1,0,0,--,--,--,--,--,ALTA: Rocky Mountain House,15
1671,Matyas Ubl,R,12,0,1,1,0,-5,--,--,--,--,--,Czechia: Plzen,17
1672,Manuel Schams,D,1,0,0,0,2,-1,--,--,--,--,--,Germany: Leipzig,19
1673,Charlie Leonard,D,1,0,0,0,0,-1,--,--,--,--,--,ALTA: Calgary,15
1674,Owen Sejna,L,1,0,0,0,0,0,--,--,--,--,--,CO: Lafayette,16
1675,Drake Mooney,G,1,0,0,0,0,0,--,--,--,--,--,ALTA: Blackfalds,15
1676,Sam Failler,C,2,0,0,0,2,-1,--,--,--,--,--,SASK: Dundurn,16
1677,Kelton Pyne 4,G,2,0,0,0,0,0,--,--,--,--,--,SASK: White City,19
1678,Jett Deschamps,D,3,0,0,0,2,1,--,--,--,--,--,MAN: Winnipeg,16
1679,Matthew Hutchison 5,G,9,0,0,0,0,0,--,--,--,--,--,BC: Nanaimo,18
1680,Cohen Handby,C,10,0,0,0,2,-1,--,--,--,--,--,BC: Kelowna,15
1681,Marek Schlenker,G,48,0,0,0,0,0,3,0,0,0,0,ALTA: Okotoks,19
1682,Beckett Hamilton,C,67,24,38,62,14,-15,5,2,3,5,2,SASK: Saskatoon,17
1683,Talon Brigley,R,67,20,18,38,43,-22,5,0,0,0,4,ALTA: Sylvan Lake,20
1684,Poul Andersen 1,R,36,14,16,30,4,-14,3,1,1,2,0,MN: St. Louis Park,18
1685,Nate Yellowaga,D,67,7,20,27,34,-18,5,1,3,4,4,ALTA: Calgary,17
1686,Kalder Varga 2,R,34,13,13,26,24,-9,5,2,3,5,4,IL: Geneva,17
1687,Landon MacSwain,L,67,12,14,26,31,6,5,0,0,0,0,AK: Anchorage,18
1688,Matej Mikes,C,47,11,13,24,26,-13,2,0,0,0,2,Czech Rep.: Karlovy Vary,18
1689,Jaxon Fuder 3,C,27,7,17,24,43,-5,--,--,--,--,--,ALTA: Cold Lake,19
1690,Matus Lisy,D,62,5,17,22,16,0,5,0,0,0,0,Slovakia: Bratislava,18
1691,Samuel Drancak 4,C,27,11,10,21,24,1,--,--,--,--,--,Czechia: Strakonice,19
1692,Cameron Kuzma 5,C,34,8,13,21,45,-10,5,0,0,0,0,ALTA: St. Albert,17
1693,Keith McInnis 6,D,34,6,15,21,42,-11,--,--,--,--,--,ALTA: Red Deer,19
1694,Ty Coupland 7,R,33,9,11,20,22,2,--,--,--,--,--,BC: North Vancouver,18
1695,Patrick Sopiarz 8,R,39,6,13,19,47,-24,5,1,1,2,4,ALTA: Edmonton,17
1696,Aleksey Chichkin 8,D,52,4,12,16,71,-6,5,0,0,0,16,BC: Burnaby,20
1697,Kohen Lodge 9,L,46,5,9,14,30,1,5,1,0,1,2,ALTA: Red Deer,16
1698,Tyson Yaremko 10,L,21,7,5,12,17,-10,5,0,0,0,2,SASK: Saskatoon,20
1699,Matthew Gard 11,C,23,6,4,10,44,-2,--,--,--,--,--,MAN: Winnipeg,18
1700,Noah Milford 4,C,28,4,6,10,12,-2,--,--,--,--,--,ALTA: Okotoks,17
1701,Owen Dewitt,L,46,5,4,9,39,-11,5,0,0,0,8,BC: Sicamous,18
1702,Cole Temple 12,C,16,0,9,9,6,0,4,0,1,1,2,MAN: Brandon,18
1703,Jiri Kamas 13,D,32,1,6,7,15,-4,5,0,2,2,4,Czech Rep.: Plzen,17
1704,Owen Shadrick,L,28,5,1,6,23,-1,--,--,--,--,--,CA: Valencia,17
1705,Arjun Bawa,L,22,3,3,6,14,-2,--,--,--,--,--,BC: Vancouver,20
1706,Jake Missura,D,68,1,5,6,55,-25,5,0,1,1,4,SASK: Saskatoon,17
1707,Luke Vlooswyk 14,D,32,0,6,6,26,7,--,--,--,--,--,ALTA: Calgary,18
1708,Grayden Peterson,L,42,0,6,6,12,-7,3,0,0,0,0,ND: West Fargo,16
1709,Noah Chadi,D,33,2,1,3,19,-9,--,--,--,--,--,ALTA: Edmonton,17
1710,Nolan Schmidt,R,30,1,2,3,21,-1,--,--,--,--,--,ALTA: Edmonton,17
1711,Matthew Kondro,G,44,0,2,2,8,0,5,0,0,0,0,ALTA: St. Albert,17
1712,Zane Torre 15,R,10,0,1,1,2,-4,--,--,--,--,--,CA: Ladera Ranch,17
1713,Derek Thurston 16,D,11,0,1,1,23,-3,--,--,--,--,--,BC: Delta,19
1714,Rhett Ewen,L,1,0,0,0,0,-1,--,--,--,--,--,SASK: Saskatoon,19
1715,Graeme Pickering,D,1,0,0,0,0,0,2,0,0,0,0,MAN: St. Adolphe,16
1716,Cash Arcand-Vandale,L,1,0,0,0,0,0,1,0,0,0,0,SASK: Saskatoon,16
1717,Brett Calhoon,L,2,0,0,0,4,-3,--,--,--,--,--,BC: Oliver,20
1718,Chace Turchak,C,4,0,0,0,0,-2,--,--,--,--,--,: Calgary,15
1719,Michael Mikan,F,7,0,0,0,0,1,--,--,--,--,--,MN: Edina,18
1720,Chase Wutzke 17,G,9,0,0,0,0,0,--,--,--,--,--,SASK: Debden,19
1721,Cameron Dillard 12,D,13,0,0,0,6,1,5,2,1,3,7,TX: Arlington,17
1722,Nikolas Ferry,D,14,0,0,0,0,-4,--,--,--,--,--,CA: Los Angeles,16
1723,Peyton Shore,G,21,0,0,0,0,0,1,0,0,0,0,MAN: Winnipeg,17
1724,Savin Virk,R,66,27,38,65,12,-15,--,--,--,--,--,BC: Surrey,18
1725,Connor Dale 1,L,60,23,32,55,10,-8,--,--,--,--,--,ALTA: St. Albert,20
1726,Gavin Garland,C,68,16,31,47,32,-11,--,--,--,--,--,ALTA: Calgary,19
1727,Cruz Pavao,R,64,21,22,43,37,-21,--,--,--,--,--,ALTA: Calgary,17
1728,Jake Gudelj,L,65,11,29,40,53,-22,--,--,--,--,--,BC: Vancouver,19
1729,Jakub Vanecek,D,59,14,21,35,20,-21,--,--,--,--,--,Czechia: Humpolec,17
1730,Grady Martin,C,50,10,15,25,66,-15,--,--,--,--,--,ALTA: Oyen,19
1731,Crew Martinson,C,43,10,13,23,10,-10,--,--,--,--,--,ALTA: Olds,16
1732,Charlie Elick,D,63,6,14,20,46,-15,--,--,--,--,--,ALTA: Calgary,19
1733,Dylan LeBret,D,68,5,14,19,21,-14,--,--,--,--,--,WA: Mead,18
1734,David Krcal,L,66,4,13,17,8,-17,--,--,--,--,--,Czechia: Praha,18
1735,Cash Koch,L,41,7,9,16,84,-6,--,--,--,--,--,ALTA: Calgary,18
1736,Jaxen Adam,D,66,3,13,16,97,-23,--,--,--,--,--,ALTA: Cochrane,18
1737,Carter Savage,D,49,1,13,14,17,4,--,--,--,--,--,BC: Surrey,20
1738,Carter Kingerski,C,45,3,7,10,2,-9,--,--,--,--,--,MAN: Headingley,17
1739,Alexander Laing,C,54,6,3,9,19,-17,--,--,--,--,--,BC: Langley,16
1740,Jesse McKinnon,L,43,3,4,7,12,-8,--,--,--,--,--,ALTA: St. Albert,16
1741,Tomas Racz,R,39,1,6,7,8,-8,--,--,--,--,--,Slovakia: Nitra,18
1742,Aden Bouchard,D,56,1,4,5,6,-25,--,--,--,--,--,ALTA: Airdrie,16
1743,Mason Mykichuk,C,35,3,1,4,23,-3,--,--,--,--,--,MAN: East St. Paul,17
1744,Ismail Abougouche,R,67,2,2,4,77,-13,--,--,--,--,--,ALTA: Lac La Biche,19
1745,David Byrne,D,41,1,3,4,12,-10,--,--,--,--,--,ALTA: Calgary,16
1746,Xavier Wendt,G,43,1,0,1,0,0,--,--,--,--,--,MN: Plymouth,17
1747,Kainoah Brankovic,D,2,0,0,0,0,-2,--,--,--,--,--,BC: Port Coquitlam,18
1748,Seth Garofalo,L,2,0,0,0,0,0,--,--,--,--,--,ALTA: Calgary,16
1749,Ryan Sadovia,R,3,0,0,0,0,-1,--,--,--,--,--,BC: Kelowna,16
1750,Lukasz McIsaac,D,4,0,0,0,0,-1,--,--,--,--,--,BC: Vancouver,16
1751,Trae Peterson,C,5,0,0,0,2,-2,--,--,--,--,--,SASK: Sturgis,16
1752,Ryan Grout,G,30,0,0,0,0,0,--,--,--,--,--,ALTA: Sturgeon County,18
1753,Landen McFadden,C,67,32,36,68,42,-20,--,--,--,--,--,ALTA: Edmonton,18
1754,Pavel Mckenzie,L,65,17,49,66,18,-17,--,--,--,--,--,SASK: Cumberland House,19
1755,Aiden Ziprick,D,68,20,36,56,25,-7,--,--,--,--,--,MAN: Russell,19
1756,Ethan Semeniuk,C,63,16,27,43,30,-18,--,--,--,--,--,BC: Fort St. John,20
1757,Connor Schmidt,D,66,16,24,40,72,-21,--,--,--,--,--,ALTA: Sturgeon County,18
1758,Casey Brown,R,66,22,16,38,12,-23,--,--,--,--,--,SASK: Regina,19
1759,Colt Carter,D,61,8,30,38,8,-6,--,--,--,--,--,ALTA: Drayton Valley,16
1760,Riley Thorpe,C,67,16,21,37,34,-16,--,--,--,--,--,ALTA: St. Albert,17
1761,Kash Andresen,C,66,14,18,32,52,-7,--,--,--,--,--,SASK: Saskatoon,18
1762,Lynden Lakovic,L,22,18,11,29,8,-3,--,--,--,--,--,BC: West Kelowna,18
1763,Mathieu Lajoie,R,64,9,19,28,26,-11,--,--,--,--,--,ALTA: St. Albert,17
1764,Nolan Paquette,D,29,8,10,18,12,6,--,--,--,--,--,ALTA: Calgary,18
1765,Gage Nagel,R,43,8,8,16,41,-5,--,--,--,--,--,SASK: Moose Jaw,18
1766,Dominik Pavlik,C,65,6,9,15,26,-11,--,--,--,--,--,Czechia: Trutnov,18
1767,Jan Trefny,L,60,3,11,14,16,-7,--,--,--,--,--,Czechia: Zatec,17
1768,Brady Ness,D,62,3,11,14,137,-28,--,--,--,--,--,ALTA: Sedgewick,19
1769,Steven Steranka,L,46,6,5,11,22,-11,--,--,--,--,--,SASK: Regina,17
1770,William Degagne,D,54,5,4,9,8,-11,--,--,--,--,--,SASK: Saskatoon,17
1771,Noah Degenstein,C,62,3,6,9,40,-8,--,--,--,--,--,ALTA: Airdrie,18
1772,Cohen Williams,D,53,1,7,8,22,-29,--,--,--,--,--,BC: Cawston,16
1773,Owen Berge 1,C,10,1,4,5,4,-7,--,--,--,--,--,ALTA: Edmonton,19
1774,Benson Hirst,D,38,0,1,1,24,-15,--,--,--,--,--,MAN: Lac du Bonnet,16
1775,Jett Prpich,D,1,0,0,0,0,-1,--,--,--,--,--,SASK: Kenaston,15
1776,Nathan Gardiner,L,1,0,0,0,0,-1,--,--,--,--,--,SASK: Gainsborough,16
1777,Carson Deichert,C,2,0,0,0,0,-1,--,--,--,--,--,SASK: Moose Jaw,17
1778,Maxon Johnston,C,2,0,0,0,0,0,--,--,--,--,--,SASK: Round Lake,15
1779,Dylan Mingo,G,2,0,0,0,0,0,--,--,--,--,--,BC: Peachland,15
1780,Kash Elke,C,2,0,0,0,0,-2,--,--,--,--,--,SASK: Lanigan,15
1781,Carson Smith,L,7,0,0,0,0,-4,--,--,--,--,--,BC: West Kelowna,15
1782,Chase Petersen 2,C,10,0,0,0,2,-5,--,--,--,--,--,SASK: Mossbank,17
1783,Matthew Hutchison 3,G,10,0,0,0,4,0,--,--,--,--,--,BC: Nanaimo,18
1784,Kyle Jones,G,29,0,0,0,0,0,--,--,--,--,--,CA: Bakersfield,18
1785,Chase Wutzke 4,G,38,0,0,0,0,0,--,--,--,--,--,SASK: Debden,19
1786,Joshua Toll,D,67,4,50,54,26,-18,--,--,--,--,--,MN: Rosemount,18
1787,Luka Shcherbyna,R,62,23,19,42,30,-12,--,--,--,--,--,BC: Vancouver,19
1788,Mason Kraft,C,54,14,26,40,24,-24,--,--,--,--,--,MN: Moorhead,18
1789,Aiden Grossklaus,R,64,17,17,34,16,-9,--,--,--,--,--,MN: Woodbury,18
1790,Caelan Joudrey,C,67,19,10,29,56,-17,--,--,--,--,--,ALTA: Airdrie,17
1791,Rui Han,L,48,11,12,23,53,1,--,--,--,--,--,CA: San Diego,18
1792,Boston Tait,D,62,5,18,23,55,-17,--,--,--,--,--,SASK: Estevan,16
1793,Mathias Silaban,L,50,9,13,22,18,-9,--,--,--,--,--,CO: Arvada,17
1794,Zane Saab,L,61,12,8,20,56,-4,--,--,--,--,--,ALTA: Edmonton,19
1795,Grady Wedman,L,58,8,12,20,19,-6,--,--,--,--,--,ALTA: Edmonton,16
1796,Levi Benson 1,L,30,7,12,19,4,-12,--,--,--,--,--,BC: Chilliwack,17
1797,Blake Vanek 2,R,37,8,10,18,28,-22,--,--,--,--,--,MN: Stillwater,18
1798,Nolan Caffey 3,R,37,6,12,18,18,-9,--,--,--,--,--,CA: Belmont,18
1799,Sam Elliott,C,45,5,11,16,29,-16,--,--,--,--,--,BC: White Rock,20
1800,Maddix McCagherty 4,L,22,6,9,15,16,-5,--,--,--,--,--,BC: Kelowna,19
1801,Brandon Osborne,D,56,3,10,13,63,-30,--,--,--,--,--,BC: Pitt Meadows,19
1802,Zane Torre 5,R,37,7,5,12,13,-6,--,--,--,--,--,CA: Ladera Ranch,17
1803,Dawson Seitz 6,R,22,4,7,11,29,-6,--,--,--,--,--,ALTA: Medicine Hat,20
1804,Riley Bassen,F,20,3,8,11,29,2,--,--,--,--,--,TX: Frisco,20
1805,Josh Fluker,D,19,4,5,9,20,10,--,--,--,--,--,MAN: Boissevain,19
1806,Darian Rolsing,D,62,1,8,9,28,-11,--,--,--,--,--,Germany: Speyer,17
1807,Michal Capos,D,27,1,7,8,34,4,--,--,--,--,--,Slovakia: Bratislava,18
1808,Drew Smith,D,48,1,7,8,20,-16,--,--,--,--,--,AZ: Flagstaff,18
1809,Shaun Rios 6,L,18,3,4,7,28,-11,--,--,--,--,--,CA: San Jose,19
1810,Alexandre Andre,C,48,2,4,6,77,-8,--,--,--,--,--,MAN: Winnipeg,17
1811,Gabriel Guilbault 1,D,26,1,5,6,13,5,--,--,--,--,--,BC: Burnaby,19
1812,Daniel Vaillant,D,37,1,5,6,31,-6,--,--,--,--,--,ALTA: Cochrane,16
1813,Kalen Miles,C,6,2,2,4,0,-3,--,--,--,--,--,ALTA: Edmonton,15
1814,Grady Veary,R,3,1,0,1,2,-1,--,--,--,--,--,BC: Campbell River,16
1815,Caden Campion 7,D,11,1,0,1,12,-6,--,--,--,--,--,MN: St. Paul,18
1816,Brandon Mickelson,D,4,0,1,1,4,0,--,--,--,--,--,MN: Moorhead,18
1817,Tobias Tvrznik,G,39,0,1,1,2,0,--,--,--,--,--,Czechia: Litomerice,18
1818,Carsten Leyerzapf,G,2,0,0,0,0,0,--,--,--,--,--,ALTA: Calgary,16
1819,Nathan Crellin,F,3,0,0,0,0,-3,--,--,--,--,--,ALTA: Calgary,17
1820,Devin Pelletier,C,3,0,0,0,0,-2,--,--,--,--,--,ALTA: Sherwood Park,16
1821,Mark Djomo,G,3,0,0,0,0,0,--,--,--,--,--,TX: Farmers Branch,16
1822,Kolton Denich,D,3,0,0,0,0,-1,--,--,--,--,--,BC: Naramata,16
1823,Paul Wiczek,C,5,0,0,0,11,-2,--,--,--,--,--,UT: Park City,19
1824,Cal Conway,G,27,0,0,0,2,0,--,--,--,--,--,MN: Andover,18
1825,Cameron Schmidt 1,R,39,27,33,60,40,-11,--,--,--,--,--,BC: Prince George,18
1826,Ryan Lin,D,53,14,43,57,35,-19,--,--,--,--,--,BC: Richmond,17
1827,Jakob Oreskovic,C,67,12,28,40,26,-16,--,--,--,--,--,BC: Langley,18
1828,Ty Halaburda 2,R,40,20,19,39,28,-5,--,--,--,--,--,BC: Victoria,20
1829,Tyus Sparks 3,C,40,16,21,37,14,1,--,--,--,--,--,ID: Meridian,17
1830,Brett Olson,C,68,11,19,30,31,-14,--,--,--,--,--,ALTA: Spruce Grove,17
1831,Tobias Tomik,L,61,12,16,28,15,-22,--,--,--,--,--,Slovakia: Ilava,17
1832,Aaron Obobaifo 4,L,37,10,16,26,28,-11,--,--,--,--,--,ALTA: Calgary,18
1833,Adam Titlbach,C,49,9,13,22,26,-14,--,--,--,--,--,Czechia: Litvinov,19
1834,Blake Chorney,C,64,8,12,20,37,-22,--,--,--,--,--,SASK: Nipawin,16
1835,Colton Gerrior 5,C,36,6,10,16,16,-7,--,--,--,--,--,BC: Williams Lake,16
1836,Ethan Mittelsteadt,D,61,4,10,14,85,-15,--,--,--,--,--,BC: Victoria,19
1837,Will Sharpe 6,D,28,2,11,13,30,-13,--,--,--,--,--,BC: Ladner,18
1838,Mathis Preston 7,R,10,4,8,12,2,-7,--,--,--,--,--,BC: Penticton,17
1839,Leonardo Domenichelli,R,63,6,5,11,4,-15,--,--,--,--,--,Switzerland: Lugano,19
1840,Joe Iginla 8,R,22,4,6,10,6,-6,--,--,--,--,--,BC: Lake Country,17
1841,Marek Howell 3,D,40,4,6,10,32,-6,--,--,--,--,--,ALTA: Calgary,19
1842,Samuel Charko,L,25,3,7,10,16,-3,--,--,--,--,--,ALTA: Whitecourt,18
1843,Misha Volotovskii 9,C,25,6,3,9,19,-14,--,--,--,--,--,ALTA: Calgary,20
1844,Torretto Marrelli,L,54,2,7,9,41,-7,--,--,--,--,--,ALTA: Devon,18
1845,Lance McCloskey,D,60,4,3,7,30,-13,--,--,--,--,--,CA: Newport Beach,17
1846,Kaleb Hartmann 5,D,19,3,3,6,32,1,--,--,--,--,--,BC: Langley,18
1847,Braydon Riggall,D,46,2,3,5,13,-16,--,--,--,--,--,ALTA: Calgary,17
1848,Colton Alain 10,D,38,1,4,5,26,-8,--,--,--,--,--,BC: Victoria,18
1849,Luca Pura,L,51,0,4,4,8,-11,--,--,--,--,--,MAN: Winnipeg,17
1850,Jan Skok,D,57,1,1,2,65,-5,--,--,--,--,--,Czechia: Pisek,18
1851,Louis-Oscar Holowaychuk,C,7,0,2,2,0,-3,--,--,--,--,--,BC: Vancouver,15
1852,Jaxson Pawlenchuk 5,D,20,1,0,1,48,-5,--,--,--,--,--,ALTA: Ardrossan,17
1853,Richard Wonyeneh,L,3,0,1,1,0,0,--,--,--,--,--,BC: Langley,16
1854,Conner Radke,R,3,0,1,1,0,-6,--,--,--,--,--,ALTA: Langdon,19
1855,Kaden Hayes,F,7,0,1,1,2,-4,--,--,--,--,--,ALTA: Chestermere,17
1856,Caden Cail 1,R,16,0,1,1,7,-3,--,--,--,--,--,BC: Kamloops,18
1857,Kelton Pyne 11,G,33,0,1,1,14,0,--,--,--,--,--,SASK: White City,19
1858,Ryan Tamelin,G,1,0,0,0,0,0,--,--,--,--,--,BC: Invermere,19
1859,Hayden Iron Shirt,R,1,0,0,0,0,1,--,--,--,--,--,ALTA: Lethbridge,17
1860,Oliver Bryks,G,1,0,0,0,0,0,--,--,--,--,--,ALTA: Edmonton,16
1861,Owen Lunneborg,G,2,0,0,0,0,0,--,--,--,--,--,MN: Bloomington,17
1862,Tafari Chingwaru,D,2,0,0,0,0,-2,--,--,--,--,--,ALTA: Edmonton,16
1863,Dylan Hurren,D,3,0,0,0,2,-3,--,--,--,--,--,BC: Maple Ridge,16
1864,Kolby Gapter,D,4,0,0,0,4,-3,--,--,--,--,--,CO: Arvada,19
1865,Crosby Mateychuk,D,7,0,0,0,4,-6,--,--,--,--,--,MAN: Dominion City,15
1866,Burke Hood,G,42,0,0,0,2,0,--,--,--,--,--,MAN: Brandon,18
1867,Hudson Darby,R,59,19,31,50,82,-34,--,--,--,--,--,SASK: Swift Current,18
1868,Trae Wilke,L,62,22,24,46,48,-35,--,--,--,--,--,SASK: Saskatoon,19
1869,Anthony Wilson,R,61,15,23,38,58,-24,--,--,--,--,--,SASK: Swift Current,20
1870,Noah Kosick 1,C,37,10,24,34,8,-31,--,--,--,--,--,BC: Victoria,17
1871,Stepan Kuryachenkov,C,47,12,16,28,42,-18,--,--,--,--,--,Russia: Ufa,17
1872,Sawyer Dingman,L,63,13,14,27,98,-30,--,--,--,--,--,ALTA: Edmonton,16
1873,Jace McFaul,D,54,9,18,27,18,-28,--,--,--,--,--,ALTA: Edmonton,18
1874,Zach Pantelakis,L,60,12,14,26,41,-39,--,--,--,--,--,BC: North Vancouver,17
1875,Carter Moen,L,66,10,15,25,45,-25,--,--,--,--,--,SASK: Swift Current,16
1876,Parker Rondeau,L,63,9,15,24,31,-35,--,--,--,--,--,SASK: Swift Current,18
1877,Jaxen Gauchier,L,45,11,9,20,24,-13,--,--,--,--,--,ALTA: Peavine,18
1878,Josh McGregor,D,62,3,17,20,66,-34,--,--,--,--,--,MAN: Brandon,18
1879,Brendan Rudolph 2,L,30,7,8,15,8,-9,--,--,--,--,--,ALTA: Calgary,17
1880,Hyde Davidson 2,D,30,4,10,14,10,-6,--,--,--,--,--,ALTA: Edmonton,19
1881,Trae Johnson,L,26,6,7,13,26,-7,--,--,--,--,--,SASK: Martensville,20
1882,Brennan Brown,C,61,3,7,10,27,-21,--,--,--,--,--,SASK: Milestone,18
1883,Marek Rocak,D,16,2,6,8,14,-11,--,--,--,--,--,Czech Rep.: Valasske Klobouky,20
1884,Brock Burch,C,49,3,3,6,56,-12,--,--,--,--,--,IA: Dubuque,15
1885,Jayden Oleskiw,R,45,2,4,6,37,-13,--,--,--,--,--,BC: Langley,17
1886,Daxon Yerex,D,60,1,5,6,57,-29,--,--,--,--,--,MAN: Oak Bluff,17
1887,Colton Alain 3,D,27,0,6,6,10,-6,--,--,--,--,--,BC: Victoria,18
1888,Connor Dale 4,L,5,2,3,5,2,1,--,--,--,--,--,ALTA: St. Albert,20
1889,Caleb Potter,D,25,1,4,5,29,-17,--,--,--,--,--,SASK: Regina,17
1890,Brennen Hocher 1,D,36,0,4,4,12,-22,--,--,--,--,--,ALTA: Calgary,18
1891,Jackson Gillespie 5,D,21,0,3,3,14,-21,--,--,--,--,--,TX: Keller,18
1892,Aidan Sexsmith,L,28,0,3,3,13,-8,--,--,--,--,--,ALTA: Calgary,17
1893,Nathan Gray,D,32,0,3,3,18,-11,--,--,--,--,--,BC: Richmond,17
1894,Peyton Kettles 6,D,2,1,1,2,7,0,--,--,--,--,--,MAN: Winnipeg,18
1895,Gavin Harrison,F,5,0,2,2,0,-1,--,--,--,--,--,ALTA: Cold Lake,16
1896,Easton LaPlante 7,D,21,0,2,2,4,-10,--,--,--,--,--,ALTA: Calgary,17
1897,Lochlan Tetarenko,C,1,0,0,0,0,-2,--,--,--,--,--,TX: Houston,18
1898,William Morin,R,1,0,0,0,2,1,--,--,--,--,--,Sweden: Boden,18
1899,Luke Huska,C,1,0,0,0,0,-3,--,--,--,--,--,ALTA: Calgary,15
1900,Linden Andersen,D,1,0,0,0,0,0,--,--,--,--,--,,
1901,Tanner Massey,L,1,0,0,0,0,0,--,--,--,--,--,BC: Cloverdale,15
1902,Nolan Pilsner,D,1,0,0,0,0,0,--,--,--,--,--,ALTA: Lethbridge,16
1903,Berney Weston,G,2,0,0,0,0,0,--,--,--,--,--,SASK: Swift Current,18
1904,Otto Hanson,R,3,0,0,0,0,-3,--,--,--,--,--,ALTA: Calgary,19
1905,Jamie Kirwan,C,3,0,0,0,0,0,--,--,--,--,--,SASK: Gull Lake,16
1906,Lucas Conrad,D,4,0,0,0,2,-3,--,--,--,--,--,BC: Coquitlam,15
1907,Ashton McCann,L,8,0,0,0,0,-1,--,--,--,--,--,ALTA: Okotoks,16
1908,Archer Cooke,G,23,0,0,0,6,0,--,--,--,--,--,ALTA: Calgary,17
1909,Joey Rocha,G,25,0,0,0,0,0,--,--,--,--,--,ONT: Brampton,20
1910,Aiden Eskit,G,31,0,0,0,2,0,--,--,--,--,--,ALTA: Calgary,17
1911,Easton Daneault,C,67,13,40,53,30,-19,--,--,--,--,--,ALTA: Red Deer,17
1912,Kade Duell,R,65,18,28,46,30,-15,--,--,--,--,--,ALTA: Taber,19
1913,Luke Cozens 1,R,39,17,27,44,19,-4,--,--,--,--,--,YT: Whitehorse,19
1914,Owen Berge 2,C,53,22,21,43,32,-16,--,--,--,--,--,ALTA: Edmonton,19
1915,Kayden Longley 3,C,48,11,26,37,23,-25,--,--,--,--,--,ALTA: Wainwright,19
1916,Logan Wormald 4,L,30,14,19,33,30,4,--,--,--,--,--,BC: Langley,20
1917,Hudson Kibblewhite,C,53,14,15,29,2,-23,--,--,--,--,--,BC: Vernon,18
1918,Nathan Maloney,D,46,4,24,28,49,-18,--,--,--,--,--,ALTA: Strathmore,18
1919,Shane Smith 5,C,20,12,11,23,33,-12,--,--,--,--,--,BC: Chiliwack,20
1920,Matteo Fabrizi,D,56,5,18,23,62,-21,--,--,--,--,--,ALTA: St. Albert,20
1921,Will Scott,D,59,2,20,22,19,-32,--,--,--,--,--,BC: Kelowna,17
1922,Kai Anderson,R,67,14,6,20,4,-37,--,--,--,--,--,BC: North Vancouver,17
1923,Kyle Heger 6,D,29,6,14,20,12,-24,--,--,--,--,--,MN: Eagan,17
1924,Tyden Lafournaise,R,61,11,7,18,17,-40,--,--,--,--,--,MAN: Winnipeg,16
1925,Carsen Adair,D,65,4,12,16,65,-33,--,--,--,--,--,SASK: Clavet,18
1926,Gavin Lesiuk,L,63,9,5,14,106,-43,--,--,--,--,--,BC: Duncan,17
1927,Grady Pichette,D,59,3,11,14,12,-27,--,--,--,--,--,ALTA: Okotoks,16
1928,Oli Chenier 7,L,26,6,5,11,4,-4,--,--,--,--,--,MAN: Winnipeg,18
1929,Andrew Petruk,L,28,5,5,10,52,-20,--,--,--,--,--,BC: Surrey,20
1930,Jake Evans,L,57,1,6,7,2,-26,--,--,--,--,--,SASK: Saskatoon,15
1931,Tomas Malinek,D,59,2,4,6,41,-16,--,--,--,--,--,Czechia: Praha,18
1932,Enzo DiDomenicantonio,C,22,0,6,6,6,-8,--,--,--,--,--,CA: Los Angeles,15
1933,Mykolas Skadauskas,L,34,0,6,6,8,-23,--,--,--,--,--,Lithuania: Vilnius,17
1934,Lukas Lima,R,58,2,3,5,41,-33,--,--,--,--,--,BC: Langley,17
1935,Fraser Leonard,D,10,0,4,4,8,-9,--,--,--,--,--,ALTA: Calgary,19
1936,Carson Olsen 8,D,9,1,2,3,12,-7,--,--,--,--,--,SASK: Warman,19
1937,Brayden Smith 9,D,21,0,3,3,6,-13,--,--,--,--,--,SASK: Saskatoon,18
1938,Jack Toogood 10,R,8,1,1,2,2,-3,--,--,--,--,--,ALTA: Devon,18
1939,Chase Petersen 11,C,5,0,2,2,0,-2,--,--,--,--,--,SASK: Mossbank,17
1940,Cohen Pentney,R,3,1,0,1,0,0,--,--,--,--,--,ALTA: Calgary,16
1941,Koen Cleaver,G,44,0,1,1,0,0,--,--,--,--,--,BC: Port Alberni,18
1942,Reid Soper,D,1,0,0,0,4,0,--,--,--,--,--,ALTA: Edmonton,16
1943,Matteo Di Stefano,R,1,0,0,0,0,-1,--,--,--,--,--,BC: Port Coquitlam,16
1944,Liam McFadden,D,2,0,0,0,0,-2,--,--,--,--,--,ALTA: Edmonton,14
1945,Brody Rotar,G,3,0,0,0,0,0,--,--,--,--,--,BC: Creston,16
1946,Leif Oaten,G,31,0,0,0,0,0,--,--,--,--,--,ALTA: Calgary,15